Deal Name,Amount,Close Date,Associated Company,zia_deal_type,zia_service_type,zia_seats_committed,zia_hours_per_week,zia_expected_launch_date,zia_primary_challenge
Lakeshore Smile Dentistry — Core embed,21823,2025-02-01,lakeshoresmiledentistry8477.com,Core,Recall & Reactivation;Front Office / Patient Comms,1,35,2025-02-15,
Harbour Orthodontic Group — Core embed,14341,2026-03-12,harbourorthodonticgroup.com,Core,Insurance Verification,1,23,2026-03-22,
Prescott Kids Dental Care — Summit 2 seats,57156,2026-10-11,prescottkidsdentalcare1003.com,Summit,Revenue Cycle / Billing;Claims & AR Follow-up,2,25,,
Bayview Dental Studio — Momentum embed,29098,2026-10-06,bayviewdentalstudio.com,Momentum,Claims & AR Follow-up;Treatment Coordination,1,35,,
Tarrant Dental Care — Core embed,16835,2026-09-12,tarrantdentalcare9756.com,Core,Recall & Reactivation,1,27,,
Alder Creek Dental Care — Momentum embed,24109,2026-10-01,aldercreekdentalcare8286.com,Momentum,Patient Scheduling;Recall & Reactivation,1,29,,
Cavendish Root Canal Specialists — Core 2 seats,38658,2025-02-24,cavendishrootcanalspecialist3911.com,Core,Insurance Verification;Records & Charting Support,2,31,2025-03-12,
Tarrant Dental Care — Momentum 2 seats,31592,2026-06-03,tarrantdentalcare2549.com,Momentum,Practice Marketing,2,19,,
Stonebridge Oral Health Partners — Core embed,9976,2026-11-20,stonebridgeoralhealthpartner3793.com,Core,Recall & Reactivation;Records & Charting Support,1,16,,Specialty experience
Westgate Family Dental — Momentum embed,19953,2026-11-13,westgatefamilydental.com,Momentum,Claims & AR Follow-up;Treatment Coordination,1,24,,
Oakhurst Oral Health Partners — Summit embed,27435,2026-09-30,oakhurstoralhealthpartners2138.com,Summit,Revenue Cycle / Billing;Claims & AR Follow-up,1,24,,Specialty experience
Bayview Dental Alliance — Momentum embed,18290,2025-04-28,bayviewdentalalliance.com,Momentum,Claims & AR Follow-up;Insurance Verification,1,22,2025-05-26,
Thornbury Smile Partners — Momentum 3 seats,82305,2026-09-01,thornburysmilepartners1533.com,Momentum,Practice Marketing;Revenue Cycle / Billing,3,33,,Practice software gap
Foxfield Orthodontics — Momentum embed,28266,2025-08-26,foxfieldorthodontics.com,Momentum,Recall & Reactivation;Insurance Verification,1,34,,Rate
Wynn Periodontal Specialists — Momentum embed,27435,2026-10-18,wynnperiodontalspecialists9199.com,Momentum,Revenue Cycle / Billing,1,33,,
Wynn Endodontic Associates — Core 2 seats,36164,2026-04-13,wynnendodonticassociates.com,Core,Recall & Reactivation;Records & Charting Support,2,29,2026-04-27,
Tarrant Smile Partners — Summit embed,28578,2026-08-12,tarrantsmilepartners7468.com,Summit,Revenue Cycle / Billing;Operations Leadership,1,25,,
Lockhart Dental Group — Momentum 2 seats,48219,2025-08-21,lockhartdentalgroup4296.com,Momentum,Revenue Cycle / Billing;Recall & Reactivation,2,29,,Specialty experience
Redwood Oral Health Partners — Core embed,21823,2025-02-14,redwoodoralhealthpartners.com,Core,Patient Scheduling;Insurance Verification,1,35,,Communication style
Oakhurst Oral Health Partners — Momentum 2 seats,43231,2026-09-21,oakhurstoralhealthpartners7587.com,Momentum,Treatment Coordination;Patient Scheduling,2,26,,Practice software gap
Ellswood Dental Group — Momentum embed,30760,2026-09-06,ellswooddentalgroup3002.com,Momentum,Insurance Verification;Treatment Coordination,1,37,,
Lockhart Smile Partners — Momentum embed,13302,2025-12-28,lockhartsmilepartners7531.com,Momentum,Practice Marketing,1,16,2026-01-25,
Fieldstone Oral & Maxillofacial Surgery — Momentum embed,19953,2026-11-14,fieldstoneoralmaxillofacials6382.com,Momentum,Practice Marketing;Claims & AR Follow-up,1,24,,
Foxfield Children’s Dental — Momentum 3 seats,92281,2025-07-14,foxfieldchildrensdental8061.com,Momentum,Recall & Reactivation;Patient Scheduling,3,37,,
Westgate Orthodontic Group — Momentum 3 seats,67340,2026-11-18,westgateorthodonticgroup5089.com,Momentum,Practice Marketing,3,27,,
Thornbury Surgical Arts — Momentum embed,20784,2026-11-07,thornburysurgicalarts2463.com,Momentum,Treatment Coordination;Claims & AR Follow-up,1,25,,Client paused decision
Redwood Kids Dental Care — Core embed,19953,2026-09-25,redwoodkidsdentalcare3533.com,Core,Front Office / Patient Comms;Patient Scheduling,1,32,,Client paused decision
Cedar Point Movement Clinic — Summit embed,35437,2026-06-29,cedarpointmovementclinic9718.com,Summit,Office Management;Revenue Cycle / Billing,1,31,2026-07-16,
Ellswood Family Dental — Core embed,15588,2026-10-15,ellswoodfamilydental6857.com,Core,Recall & Reactivation;Patient Scheduling,1,25,,
Westgate Kids Dental Care — Core embed,14341,2026-05-15,westgatekidsdentalcare8616.com,Core,Insurance Verification;Patient Scheduling,1,23,2026-05-29,
Everly Rehab Associates — Core 2 seats,33670,2026-08-01,everlyrehabassociates.com,Core,Records & Charting Support;Insurance Verification,2,27,2026-08-29,
Hollis Dental Care — Core embed,21823,2026-08-28,hollisdentalcare660.com,Core,Recall & Reactivation;Front Office / Patient Comms,1,35,,Specialty experience
Oakhurst Orthodontic Group — Momentum 2 seats,44893,2025-05-10,oakhurstorthodonticgroup1450.com,Momentum,Claims & AR Follow-up;Practice Marketing,2,27,2025-05-25,
Fairmont Orthodontic Group — Core embed,23070,2025-05-06,fairmontorthodonticgroup668.com,Core,Patient Scheduling;Insurance Verification,1,37,,Rate
Meridian Dental Care Group — Momentum embed,19953,2025-12-02,meridiandentalcaregroup8434.com,Momentum,Revenue Cycle / Billing,1,24,,Practice software gap
Nortonville Dental Group — Core embed,21823,2026-09-13,nortonvilledentalgroup4899.com,Core,Recall & Reactivation;Records & Charting Support,1,35,,
Brookvale Dental Group — Momentum embed,22447,2025-04-22,brookvaledentalgroup8228.com,Momentum,Insurance Verification;Treatment Coordination,1,27,2025-05-20,
Wynn Dental Collective — Summit embed,40009,2026-10-11,wynndentalcollective642.com,Summit,Office Management;Revenue Cycle / Billing,1,35,,
Alder Creek Family Dental — Momentum embed,24941,2026-06-30,aldercreekfamilydental453.com,Momentum,Treatment Coordination;Patient Scheduling,1,30,,Coverage hours mismatch
Northline Family Dentistry Group — Summit 2 seats,75446,2026-08-29,northlinefamilydentistrygrou7152.com,Summit,Claims & AR Follow-up;Revenue Cycle / Billing,2,33,,
Ashford Dental Collective — Core embed,21200,2025-01-16,ashforddentalcollective2306.com,Core,Front Office / Patient Comms;Recall & Reactivation,1,34,2025-01-30,
Lockhart Dentistry — Momentum embed,20784,2026-06-01,lockhartdentistry9262.com,Momentum,Practice Marketing;Recall & Reactivation,1,25,2026-06-29,
Fairmont Periodontics — Summit embed,24006,2026-11-21,fairmontperiodontics.com,Summit,Office Management;Claims & AR Follow-up,1,21,,
Brookvale Smile Partners — Core embed,18082,2025-05-06,brookvalesmilepartners5080.com,Core,Patient Scheduling;Records & Charting Support,1,29,2025-05-14,
Lockhart Family Dentistry Group — Core embed,13717,2026-11-05,lockhartfamilydentistrygroup9785.com,Core,Records & Charting Support;Front Office / Patient Comms,1,22,,
Granville Dental Care — Momentum embed,27435,2025-10-07,granvilledentalcare3638.com,Momentum,Claims & AR Follow-up,1,33,2025-10-17,
Fairmont Dental Associates — Momentum embed,26604,2025-06-13,fairmontdentalassociates7140.com,Momentum,Insurance Verification,1,32,2025-06-26,
Windsor Surgical Arts — Core embed,12470,2026-09-03,windsorsurgicalarts7014.com,Core,Insurance Verification;Recall & Reactivation,1,20,,
Beacon Periodontal Specialists — Summit embed,34294,2026-11-26,beaconperiodontalspecialists5421.com,Summit,Operations Leadership;Claims & AR Follow-up,1,30,,Rate
Lockhart Orthodontic Specialists — Momentum embed,25772,2026-09-01,lockhartorthodonticspecialis.com,Momentum,Treatment Coordination;Patient Scheduling,1,31,,
Lockhart Dental Group — Summit 2 seats,45725,2025-04-18,lockhartdentalgroup.com,Summit,Office Management,2,20,,
Ellswood Surgical Arts — Core 2 seats,37411,2026-11-09,ellswoodsurgicalarts6795.com,Core,Recall & Reactivation,2,30,,
Bayview Dental Collective — Momentum embed,21615,2025-06-11,bayviewdentalcollective7752.com,Momentum,Claims & AR Follow-up;Insurance Verification,1,26,2025-06-18,
Westgate Sports Rehab — Core embed,19329,2025-08-21,westgatesportsrehab.com,Core,Records & Charting Support;Insurance Verification,1,31,2025-09-08,
Ridgeway Orthodontic Specialists — Core embed,15588,2026-09-30,ridgewayorthodonticspecialis.com,Core,Patient Scheduling;Recall & Reactivation,1,25,,
Ellswood Orthodontic Specialists — Core embed,17459,2026-06-22,ellswoodorthodonticspecialis.com,Core,Recall & Reactivation,1,28,2026-07-05,
Silverbrook Periodontics — Momentum embed,28266,2025-03-13,silverbrookperiodontics7787.com,Momentum,Insurance Verification;Treatment Coordination,1,34,,
Stonebridge Pediatric Dentistry — Core embed,18706,2025-11-09,stonebridgepediatricdentistr5874.com,Core,Front Office / Patient Comms;Patient Scheduling,1,30,2025-11-29,
Wynn Dentistry — Momentum embed,14964,2026-09-08,wynndentistry7102.com,Momentum,Treatment Coordination;Revenue Cycle / Billing,1,18,,Client paused decision
Cedar Point Dental Care Group — Momentum embed,29929,2026-10-15,cedarpointdentalcaregroup9332.com,Momentum,Practice Marketing;Claims & AR Follow-up,1,36,,
Beacon Dental Care — Momentum embed,17459,2026-11-20,beacondentalcare7035.com,Momentum,Recall & Reactivation;Insurance Verification,1,21,,
Bayview Dental Care — Momentum embed,21615,2026-11-18,bayviewdentalcare567.com,Momentum,Insurance Verification;Practice Marketing,1,26,,
Cedar Point Dental Studio — Core embed,11847,2026-01-29,cedarpointdentalstudio4440.com,Core,Insurance Verification,1,19,,Practice software gap
Lakeshore Dentistry — Summit embed,32007,2026-12-03,lakeshoredentistry.com,Summit,Revenue Cycle / Billing;Office Management,1,28,,
Northline Dental Associates — Core embed,14341,2026-09-06,northlinedentalassociates1434.com,Core,Insurance Verification;Records & Charting Support,1,23,,
Stonebridge Dentistry — Core embed,11223,2026-09-01,stonebridgedentistry.com,Core,Insurance Verification,1,18,,
Draycott Dermatology Group — Momentum embed,21615,2026-10-30,draycottdermatologygroup5921.com,Momentum,Treatment Coordination;Claims & AR Follow-up,1,26,,Communication style
Fieldstone Physical Therapy — Momentum 2 seats,46556,2025-11-14,fieldstonephysicaltherapy.com,Momentum,Recall & Reactivation;Treatment Coordination,2,28,2025-11-21,
Ellswood Dental Studio — Momentum 2 seats,48219,2025-05-01,ellswooddentalstudio7293.com,Momentum,Recall & Reactivation;Revenue Cycle / Billing,2,29,2025-05-22,
Everly Dental Associates — Core embed,18082,2026-05-23,everlydentalassociates.com,Core,Front Office / Patient Comms,1,29,2026-06-10,
Fairmont Dental Group — Summit embed,42295,2026-08-28,fairmontdentalgroup5457.com,Summit,Office Management,1,37,,Practice software gap
Wexford Dental Associates — Core embed,16212,2025-04-01,wexforddentalassociates7004.com,Core,Insurance Verification,1,26,2025-04-16,
Cedar Point Periodontics — Momentum embed,25772,2026-08-15,cedarpointperiodontics.com,Momentum,Treatment Coordination,1,31,,
Harbour Orthodontics — Momentum 2 seats,44893,2025-09-14,harbourorthodontics2206.com,Momentum,Revenue Cycle / Billing,2,27,2025-10-05,
Highpoint Dental Alliance — Summit embed,32007,2025-01-02,highpointdentalalliance.com,Summit,Office Management;Revenue Cycle / Billing,1,28,2025-01-13,
Thornbury Dental Studio — Momentum embed,25772,2026-09-13,thornburydentalstudio8204.com,Momentum,Insurance Verification;Practice Marketing,1,31,,
Tarrant Sleep Medicine — Core embed,17459,2026-10-26,tarrantsleepmedicine3337.com,Core,Insurance Verification;Patient Scheduling,1,28,,Client paused decision
Harbour Smile Dentistry — Core 2 seats,41152,2026-10-02,harboursmiledentistry9977.com,Core,Patient Scheduling;Recall & Reactivation,2,33,,Coverage hours mismatch
Ellswood Dental Care — Momentum embed,27435,2026-11-16,ellswooddentalcare7336.com,Momentum,Insurance Verification;Recall & Reactivation,1,33,,
Silverbrook Family Dentistry Group — Core embed,14341,2026-09-08,silverbrookfamilydentistrygr6685.com,Core,Records & Charting Support;Insurance Verification,1,23,,
Ridgeway Dental Alliance — Summit embed,37723,2025-07-24,ridgewaydentalalliance.com,Summit,Claims & AR Follow-up,1,33,,
Bramwell Dental Associates — Momentum 3 seats,84799,2026-02-15,bramwelldentalassociates1068.com,Momentum,Claims & AR Follow-up;Recall & Reactivation,3,34,2026-03-11,
Clearwater Orthodontics — Momentum embed,26604,2026-09-09,clearwaterorthodontics999.com,Momentum,Revenue Cycle / Billing;Practice Marketing,1,32,,
Granville Smile Partners — Momentum 2 seats,51544,2026-10-08,granvillesmilepartners2583.com,Momentum,Patient Scheduling;Practice Marketing,2,31,,
Alder Creek Dental Group — Summit embed,32007,2026-02-06,aldercreekdentalgroup5647.com,Summit,Office Management,1,28,2026-03-02,
Lakeshore Surgical Arts — Summit 2 seats,50297,2025-08-30,lakeshoresurgicalarts4737.com,Summit,Office Management;Revenue Cycle / Billing,2,22,2025-09-25,
Glenwood Dentistry — Momentum embed,16627,2026-11-17,glenwooddentistry5197.com,Momentum,Revenue Cycle / Billing,1,20,,
Harbour Dental Group — Momentum 2 seats,36580,2026-12-07,harbourdentalgroup5560.com,Momentum,Treatment Coordination,2,22,,Practice software gap
Redwood Dentistry — Core embed,21200,2026-07-31,redwooddentistry758.com,Core,Insurance Verification,1,34,,
Belmont Oral Surgery Associates — Momentum 2 seats,51544,2026-09-24,belmontoralsurgeryassociates5299.com,Momentum,Recall & Reactivation;Practice Marketing,2,31,,
Windsor Dentistry — Core 2 seats,41152,2026-05-10,windsordentistry.com,Core,Front Office / Patient Comms;Recall & Reactivation,2,33,2026-05-25,
Ellswood Dental Studio — Core embed,19329,2026-10-02,ellswooddentalstudio2936.com,Core,Front Office / Patient Comms;Patient Scheduling,1,31,,Specialty experience
Pinehurst Dental Care Group — Momentum embed,17459,2026-11-10,pinehurstdentalcaregroup9044.com,Momentum,Practice Marketing;Recall & Reactivation,1,21,,
Wexford Dentistry — Core embed,18082,2026-06-20,wexforddentistry.com,Core,Insurance Verification;Records & Charting Support,1,29,2026-07-17,
Lakeshore Dental Partners — Core embed,15588,2025-06-19,lakeshoredentalpartners8479.com,Core,Front Office / Patient Comms;Records & Charting Support,1,25,2025-07-08,
Thornbury Braces & Aligners — Summit embed,30864,2026-06-21,thornburybracesaligners9589.com,Summit,Claims & AR Follow-up;Revenue Cycle / Billing,1,27,,
Nortonville Smile Dentistry — Momentum embed,15796,2026-01-16,nortonvillesmiledentistry.com,Momentum,Claims & AR Follow-up;Insurance Verification,1,19,,
Sinclair Braces & Aligners — Momentum 2 seats,43231,2026-08-30,sinclairbracesaligners3505.com,Momentum,Recall & Reactivation;Practice Marketing,2,26,,
Meridian Kids Dental Care — Momentum 3 seats,69834,2026-05-01,meridiankidsdentalcare2077.com,Momentum,Insurance Verification;Practice Marketing,3,28,2026-05-23,
Brookvale Orthodontic Specialists — Core embed,14964,2025-04-25,brookvaleorthodonticspeciali2283.com,Core,Insurance Verification;Records & Charting Support,1,24,2025-05-08,
Maplewood Dental Care — Momentum embed,15796,2026-10-24,maplewooddentalcare941.com,Momentum,Claims & AR Follow-up;Insurance Verification,1,19,,
Ridgeway Periodontics — Core embed,9976,2025-11-12,ridgewayperiodontics4912.com,Core,Insurance Verification,1,16,,
Kingsley Dental Associates — Momentum 2 seats,58195,2025-07-30,kingsleydentalassociates4038.com,Momentum,Recall & Reactivation;Insurance Verification,2,35,2025-08-07,
Cavendish Smile Dentistry — Momentum 2 seats,59858,2025-05-15,cavendishsmiledentistry2529.com,Momentum,Practice Marketing;Patient Scheduling,2,36,2025-06-06,
Beacon Dental Collective — Core 2 seats,37411,2026-04-30,beacondentalcollective.com,Core,Records & Charting Support;Patient Scheduling,2,30,2026-05-26,
Silverbrook Orthodontic Specialists — Core embed,15588,2026-09-07,silverbrookorthodonticspecia3160.com,Core,Front Office / Patient Comms;Records & Charting Support,1,25,,
Redwood Orthodontic Specialists — Core embed,19329,2026-03-10,redwoodorthodonticspecialist6113.com,Core,Insurance Verification;Records & Charting Support,1,31,,Client paused decision
Hollis Dental Partners — Summit embed,40009,2026-10-13,hollisdentalpartners1833.com,Summit,Office Management,1,35,,
Oakhurst Orthodontic Group — Core 3 seats,69211,2025-12-27,oakhurstorthodonticgroup5340.com,Core,Front Office / Patient Comms;Recall & Reactivation,3,37,2026-01-11,
Hollis Pediatric Dentistry — Momentum embed,23278,2026-10-24,hollispediatricdentistry7574.com,Momentum,Patient Scheduling;Recall & Reactivation,1,28,,
Lakeshore Smile Dentistry — Summit embed,30864,2025-10-15,lakeshoresmiledentistry6371.com,Summit,Operations Leadership,1,27,,
Harbour Braces & Aligners — Core embed,18082,2025-07-20,harbourbracesaligners9661.com,Core,Patient Scheduling;Insurance Verification,1,29,,Rate
Highpoint Smile Dentistry — Momentum embed,17459,2025-06-27,highpointsmiledentistry3701.com,Momentum,Practice Marketing;Patient Scheduling,1,21,,
Riverstone Family Dentistry Group — Momentum 2 seats,53207,2026-01-16,riverstonefamilydentistrygro8491.com,Momentum,Patient Scheduling;Revenue Cycle / Billing,2,32,2026-02-05,
Riverstone Oral Surgery Associates — Core embed,21823,2026-11-22,riverstoneoralsurgeryassocia.com,Core,Records & Charting Support,1,35,,
Tarrant Dentistry — Core embed,19953,2025-10-08,tarrantdentistry6564.com,Core,Recall & Reactivation;Records & Charting Support,1,32,2025-10-18,
Redwood Root Canal Specialists — Core 3 seats,52376,2025-12-30,redwoodrootcanalspecialists.com,Core,Insurance Verification,3,28,,
Meridian Dental Care Group — Momentum embed,25772,2026-09-23,meridiandentalcaregroup3121.com,Momentum,Practice Marketing;Treatment Coordination,1,31,,
Kingsley Orthodontic Specialists — Momentum 2 seats,46556,2025-06-10,kingsleyorthodonticspecialis6390.com,Momentum,Patient Scheduling;Revenue Cycle / Billing,2,28,2025-06-22,
Bayview Dental Group — Momentum 3 seats,72328,2025-11-08,bayviewdentalgroup.com,Momentum,Treatment Coordination;Insurance Verification,3,29,,
Draycott Orthodontic Specialists — Summit embed,29721,2026-10-30,draycottorthodonticspecialis6847.com,Summit,Office Management;Claims & AR Follow-up,1,26,,Client paused decision
Pinehurst Orthodontics — Core embed,20576,2026-08-28,pinehurstorthodontics.com,Core,Records & Charting Support;Insurance Verification,1,33,,
Camden Root Canal Specialists — Core embed,18082,2026-09-06,camdenrootcanalspecialists1712.com,Core,Insurance Verification;Recall & Reactivation,1,29,,
Granville Dental Care Group — Core embed,20576,2026-08-20,granvilledentalcaregroup9830.com,Core,Front Office / Patient Comms;Recall & Reactivation,1,33,,
Windsor Dental Associates — Momentum embed,29929,2026-07-10,windsordentalassociates8210.com,Momentum,Insurance Verification;Treatment Coordination,1,36,2026-07-19,
Fairmont Root Canal Specialists — Momentum embed,27435,2025-12-19,fairmontrootcanalspecialists1930.com,Momentum,Revenue Cycle / Billing;Recall & Reactivation,1,33,2026-01-11,
Fairmont Orthodontic Group — Momentum embed,20784,2026-09-06,fairmontorthodonticgroup5732.com,Momentum,Patient Scheduling,1,25,,Specialty experience
Maplewood Dental Associates — Momentum embed,24109,2026-10-08,maplewooddentalassociates.com,Momentum,Claims & AR Follow-up;Revenue Cycle / Billing,1,29,,Practice software gap
Foxfield Dental Collective — Core embed,20576,2026-09-18,foxfielddentalcollective2068.com,Core,Recall & Reactivation;Front Office / Patient Comms,1,33,,Practice software gap
Bayview Braces & Aligners — Core embed,19329,2026-04-26,bayviewbracesaligners4933.com,Core,Front Office / Patient Comms;Recall & Reactivation,1,31,,
Fairmont Smile Dentistry — Momentum embed,28266,2026-10-20,fairmontsmiledentistry.com,Momentum,Insurance Verification,1,34,,
Silverbrook Kids Dental Care — Core embed,17459,2025-12-28,silverbrookkidsdentalcare2560.com,Core,Recall & Reactivation,1,28,,
Alder Creek Dental Group — Core embed,18082,2026-08-16,aldercreekdentalgroup5647.com,Core,Recall & Reactivation,1,29,,
Fieldstone Rehab Associates — Momentum embed,18290,2026-04-20,fieldstonerehabassociates8269.com,Momentum,Recall & Reactivation,1,22,,Specialty experience
Kingsley Family Dental — Momentum embed,21615,2026-01-07,kingsleyfamilydental7002.com,Momentum,Recall & Reactivation;Revenue Cycle / Billing,1,26,2026-02-02,
Windsor Periodontal Specialists — Momentum embed,24109,2025-09-04,windsorperiodontalspecialist4897.com,Momentum,Claims & AR Follow-up;Recall & Reactivation,1,29,,
Northline Orthodontic Group — Core embed,16835,2026-10-04,northlineorthodonticgroup6397.com,Core,Insurance Verification;Patient Scheduling,1,27,,
Windsor Family Dental — Core embed,14341,2026-11-27,windsorfamilydental5461.com,Core,Records & Charting Support;Insurance Verification,1,23,,Practice software gap
Everly Root Canal Specialists — Core embed,12470,2026-07-29,everlyrootcanalspecialists.com,Core,Patient Scheduling;Insurance Verification,1,20,2026-08-21,
Belmont Oral Surgery Associates — Momentum 2 seats,58195,2026-08-13,belmontoralsurgeryassociates.com,Momentum,Treatment Coordination;Practice Marketing,2,35,,
Ridgeway Oral Surgery Associates — Momentum embed,29929,2026-03-02,ridgewayoralsurgeryassociate.com,Momentum,Practice Marketing,1,36,2026-03-19,
Ashford Pediatric Dentistry — Core embed,18082,2026-08-29,ashfordpediatricdentistry.com,Core,Records & Charting Support;Patient Scheduling,1,29,,
Ashford Family Dental — Momentum embed,29929,2025-05-08,ashfordfamilydental.com,Momentum,Practice Marketing;Patient Scheduling,1,36,,
Lakeshore Dental Associates — Summit embed,33150,2026-11-14,lakeshoredentalassociates5038.com,Summit,Operations Leadership;Claims & AR Follow-up,1,29,,Rate
Oakhurst Periodontal Specialists — Core embed,16835,2026-01-16,oakhurstperiodontalspecialis9074.com,Core,Records & Charting Support,1,27,2026-02-11,
Bayview Sports Rehab — Momentum embed,19953,2025-01-09,bayviewsportsrehab91.com,Momentum,Patient Scheduling;Revenue Cycle / Billing,1,24,2025-01-20,
Sinclair Family Dentistry Group — Momentum embed,27435,2025-02-18,sinclairfamilydentistrygroup1902.com,Momentum,Claims & AR Follow-up;Insurance Verification,1,33,2025-03-07,
Hollis Dental Care — Core 2 seats,33670,2026-07-30,hollisdentalcare4413.com,Core,Patient Scheduling;Records & Charting Support,2,27,2026-08-16,
Camden Dental Care Group — Momentum embed,22447,2026-11-08,camdendentalcaregroup2174.com,Momentum,Practice Marketing;Treatment Coordination,1,27,,Specialty experience
Everly Dentistry — Core embed,18706,2026-08-15,everlydentistry3352.com,Core,Patient Scheduling;Insurance Verification,1,30,,Coverage hours mismatch
Northline Family Dentistry Group — Momentum 3 seats,42399,2025-07-21,northlinefamilydentistrygrou7222.com,Momentum,Treatment Coordination;Patient Scheduling,3,17,,Communication style
Maplewood Dental Care — Core embed,16835,2026-08-16,maplewooddentalcare7036.com,Core,Patient Scheduling,1,27,,
Summit Ridge Dental Group — Core 2 seats,32423,2026-12-06,summitridgedentalgroup559.com,Core,Front Office / Patient Comms,2,26,,
Camden Endodontic Associates — Core embed,19953,2026-02-03,camdenendodonticassociates.com,Core,Recall & Reactivation;Front Office / Patient Comms,1,32,2026-02-19,
Beacon Dental Associates — Momentum 2 seats,44893,2026-05-19,beacondentalassociates.com,Momentum,Revenue Cycle / Billing;Claims & AR Follow-up,2,27,2026-06-16,
Ellswood Periodontal Specialists — Core embed,19953,2026-11-30,ellswoodperiodontalspecialis.com,Core,Insurance Verification;Patient Scheduling,1,32,,
Pinehurst Orthodontic Specialists — Momentum embed,20784,2026-11-08,pinehurstorthodonticspeciali4343.com,Momentum,Treatment Coordination,1,25,,
Cedar Point Family Dentistry Group — Summit embed,40009,2025-10-16,cedarpointfamilydentistrygro8212.com,Summit,Operations Leadership;Claims & AR Follow-up,1,35,2025-11-05,
Silverbrook Dental Care — Summit embed,34294,2026-09-16,silverbrookdentalcare2386.com,Summit,Operations Leadership;Office Management,1,30,,Specialty experience
Cedar Point Periodontics — Momentum embed,19953,2025-05-27,cedarpointperiodontics8369.com,Momentum,Recall & Reactivation;Claims & AR Follow-up,1,24,,
Draycott Dental Care Group — Core embed,17459,2025-03-08,draycottdentalcaregroup1672.com,Core,Insurance Verification;Front Office / Patient Comms,1,28,2025-04-03,
Sinclair Dental Care — Momentum embed,20784,2025-09-09,sinclairdentalcare6459.com,Momentum,Insurance Verification;Revenue Cycle / Billing,1,25,2025-10-03,
Cedar Point Surgical Arts — Momentum embed,21615,2026-09-02,cedarpointsurgicalarts2831.com,Momentum,Claims & AR Follow-up;Recall & Reactivation,1,26,,
Wynn Family Dental — Momentum embed,19953,2026-08-21,wynnfamilydental1532.com,Momentum,Claims & AR Follow-up;Practice Marketing,1,24,,
Windsor Orthodontic Specialists — Core embed,17459,2026-02-09,windsororthodonticspecialist3204.com,Core,Insurance Verification,1,28,2026-02-18,
Fairmont Dental Alliance — Momentum embed,32423,2025-10-18,fairmontdentalalliance.com,Momentum,Practice Marketing;Claims & AR Follow-up,1,39,2025-11-12,
Nortonville Dental Group — Momentum embed,19953,2026-07-03,nortonvilledentalgroup2852.com,Momentum,Claims & AR Follow-up;Recall & Reactivation,1,24,2026-07-14,
Glenwood Orthodontic Specialists — Core embed,13717,2025-07-28,glenwoodorthodonticspecialis1742.com,Core,Front Office / Patient Comms;Patient Scheduling,1,22,,Practice software gap
Belmont Rehab Associates — Summit embed,33150,2026-03-02,belmontrehabassociates.com,Summit,Operations Leadership;Claims & AR Follow-up,1,29,,Specialty experience
Fieldstone Smile Partners — Core embed,12470,2026-08-27,fieldstonesmilepartners6125.com,Core,Front Office / Patient Comms;Patient Scheduling,1,20,,
Maplewood Pediatric Dentistry — Summit 2 seats,70873,2026-03-21,maplewoodpediatricdentistry3414.com,Summit,Revenue Cycle / Billing;Office Management,2,31,2026-04-18,
Lockhart Oral & Maxillofacial Surgery — Momentum embed,28266,2025-08-04,lockhartoralmaxillofacialsur7683.com,Momentum,Insurance Verification;Treatment Coordination,1,34,,
Maplewood Periodontics — Momentum embed,29929,2026-12-07,maplewoodperiodontics.com,Momentum,Recall & Reactivation,1,36,,
Nortonville Dental Associates — Momentum embed,21615,2026-11-04,nortonvilledentalassociates.com,Momentum,Practice Marketing;Claims & AR Follow-up,1,26,,
Brookvale Dental Group — Core 2 seats,37411,2026-10-28,brookvaledentalgroup3734.com,Core,Insurance Verification;Patient Scheduling,2,30,,Practice software gap
Bayview Dentistry — Core 3 seats,43023,2026-10-01,bayviewdentistry5853.com,Core,Front Office / Patient Comms,3,23,,
Harbour Oral Surgery Associates — Core embed,19329,2026-09-29,harbouroralsurgeryassociates.com,Core,Records & Charting Support,1,31,,
Summit Ridge Dental Associates — Momentum embed,28266,2026-11-29,summitridgedentalassociates4432.com,Momentum,Practice Marketing;Treatment Coordination,1,34,,Specialty experience
Harbour Dental Associates — Summit 3 seats,89163,2025-05-30,harbourdentalassociates.com,Summit,Claims & AR Follow-up,3,26,2025-06-23,
Northline Braces & Aligners — Core embed,23070,2026-10-02,northlinebracesaligners5523.com,Core,Recall & Reactivation;Patient Scheduling,1,37,,
Brookvale Dental Partners — Momentum 2 seats,54870,2025-03-19,brookvaledentalpartners5300.com,Momentum,Recall & Reactivation;Insurance Verification,2,33,,
Kingsley Dental Alliance — Momentum 2 seats,26604,2026-12-02,kingsleydentalalliance.com,Momentum,Recall & Reactivation;Claims & AR Follow-up,2,16,,Coverage hours mismatch
Draycott Dental Collective — Core 3 seats,43023,2026-11-28,draycottdentalcollective3590.com,Core,Recall & Reactivation;Insurance Verification,3,23,,
Bramwell Dental Care Group — Momentum embed,27435,2026-11-13,bramwelldentalcaregroup8321.com,Momentum,Revenue Cycle / Billing,1,33,,
Beacon Braces & Aligners — Momentum embed,22447,2026-12-03,beaconbracesaligners3454.com,Momentum,Claims & AR Follow-up;Practice Marketing,1,27,,Practice software gap
Kingsley Pediatric Dentistry — Momentum embed,23278,2026-10-24,kingsleypediatricdentistry3183.com,Momentum,Insurance Verification;Claims & AR Follow-up,1,28,,
Beacon Dental Care Group — Momentum embed,24941,2026-02-27,beacondentalcaregroup2579.com,Momentum,Patient Scheduling;Treatment Coordination,1,30,2026-03-14,
Cavendish Periodontics — Summit embed,33150,2025-02-18,cavendishperiodontics.com,Summit,Revenue Cycle / Billing;Office Management,1,29,2025-03-16,
Fairmont Sports Rehab — Momentum 2 seats,48219,2026-06-23,fairmontsportsrehab.com,Momentum,Recall & Reactivation;Patient Scheduling,2,29,2026-07-09,
Maplewood Periodontics — Momentum 3 seats,84799,2025-04-20,maplewoodperiodontics319.com,Momentum,Practice Marketing;Revenue Cycle / Billing,3,34,2025-05-01,
Ellswood Periodontal Specialists — Core embed,14964,2026-06-15,ellswoodperiodontalspecialis7906.com,Core,Patient Scheduling;Recall & Reactivation,1,24,,
Everly Dentistry — Core 2 seats,38658,2024-12-27,everlydentistry.com,Core,Recall & Reactivation;Patient Scheduling,2,31,,Communication style
Lockhart Family Dental — Momentum embed,20784,2025-07-17,lockhartfamilydental5598.com,Momentum,Claims & AR Follow-up,1,25,2025-08-02,
Harbour Dental Studio — Summit embed,20576,2025-12-07,harbourdentalstudio.com,Summit,Claims & AR Follow-up;Revenue Cycle / Billing,1,18,,
Harbour Oral Surgery Associates — Momentum embed,22447,2026-04-22,harbouroralsurgeryassociates.com,Momentum,Recall & Reactivation;Treatment Coordination,1,27,2026-05-16,
Ashford Root Canal Specialists — Momentum embed,16627,2025-03-23,ashfordrootcanalspecialists9222.com,Momentum,Treatment Coordination;Patient Scheduling,1,20,2025-04-06,
Cavendish Surgical Arts — Momentum embed,21615,2026-09-05,cavendishsurgicalarts3155.com,Momentum,Recall & Reactivation;Treatment Coordination,1,26,,Rate
Silverbrook Dental Studio — Momentum embed,23278,2026-10-03,silverbrookdentalstudio2368.com,Momentum,Practice Marketing;Revenue Cycle / Billing,1,28,,
Belmont Endodontic Associates — Core embed,21823,2025-03-13,belmontendodonticassociates.com,Core,Recall & Reactivation;Front Office / Patient Comms,1,35,2025-03-29,
Draycott Family Dentistry Group — Momentum 2 seats,51544,2026-10-22,draycottfamilydentistrygroup3393.com,Momentum,Patient Scheduling;Recall & Reactivation,2,31,,Rate
Beacon Dentistry — Momentum embed,21615,2026-08-18,beacondentistry1819.com,Momentum,Revenue Cycle / Billing;Practice Marketing,1,26,,
Hollis Children’s Dental — Momentum embed,21615,2026-09-08,hollischildrensdental7689.com,Momentum,Patient Scheduling;Revenue Cycle / Billing,1,26,,
Fieldstone Dental Associates — Momentum embed,26604,2025-12-30,fieldstonedentalassociates3596.com,Momentum,Insurance Verification;Patient Scheduling,1,32,,Practice software gap
Ellswood Braces & Aligners — Momentum embed,20784,2026-08-27,ellswoodbracesaligners385.com,Momentum,Patient Scheduling;Treatment Coordination,1,25,,
Thornbury Smile Partners — Core embed,20576,2025-04-21,thornburysmilepartners3455.com,Core,Patient Scheduling;Front Office / Patient Comms,1,33,2025-05-04,
Glenwood Orthodontic Group — Core embed,14964,2026-08-30,glenwoodorthodonticgroup1004.com,Core,Records & Charting Support;Insurance Verification,1,24,,
Fieldstone Sports Rehab — Core embed,19329,2026-01-11,fieldstonesportsrehab7951.com,Core,Recall & Reactivation,1,31,2026-01-23,
Belmont Orthodontic Specialists — Core embed,16212,2026-04-18,belmontorthodonticspecialist7919.com,Core,Patient Scheduling;Records & Charting Support,1,26,2026-04-26,
Lockhart Braces & Aligners — Momentum 2 seats,51544,2025-10-08,lockhartbracesaligners.com,Momentum,Treatment Coordination;Claims & AR Follow-up,2,31,2025-11-03,
Brookvale Family Dentistry Group — Momentum 3 seats,57364,2025-11-18,brookvalefamilydentistrygrou8141.com,Momentum,Patient Scheduling;Claims & AR Follow-up,3,23,,
Belmont Dental Alliance — Summit 2 seats,45725,2026-04-16,belmontdentalalliance5578.com,Summit,Claims & AR Follow-up,2,20,,
Prescott Orthodontic Specialists — Core embed,18706,2025-09-01,prescottorthodonticspecialis9702.com,Core,Front Office / Patient Comms,1,30,2025-09-09,
Westgate Dental Collective — Momentum embed,17459,2026-10-14,westgatedentalcollective.com,Momentum,Treatment Coordination;Insurance Verification,1,21,,
Northline Dentistry — Summit embed,38866,2025-04-20,northlinedentistry.com,Summit,Office Management;Revenue Cycle / Billing,1,34,2025-05-13,
Pinehurst Dental Care — Momentum embed,24941,2025-09-21,pinehurstdentalcare6090.com,Momentum,Treatment Coordination;Revenue Cycle / Billing,1,30,2025-10-14,
Glenwood Dental Care Group — Momentum embed,19121,2026-01-05,glenwooddentalcaregroup.com,Momentum,Practice Marketing;Patient Scheduling,1,23,2026-01-15,
Thornbury Oral & Maxillofacial Surgery — Core embed,11847,2026-12-05,thornburyoralmaxillofacialsu3159.com,Core,Patient Scheduling;Insurance Verification,1,19,,
Cavendish Dental Care Group — Summit embed,29721,2026-08-24,cavendishdentalcaregroup522.com,Summit,Office Management;Operations Leadership,1,26,,
Draycott Family Dental — Momentum embed,24941,2026-07-19,draycottfamilydental1415.com,Momentum,Insurance Verification;Revenue Cycle / Billing,1,30,,
Granville Dental Care Group — Core embed,21823,2026-08-18,granvilledentalcaregroup1199.com,Core,Recall & Reactivation,1,35,,Rate
Maplewood Dental Care Group — Momentum embed,15796,2025-10-05,maplewooddentalcaregroup3696.com,Momentum,Patient Scheduling;Revenue Cycle / Billing,1,19,2025-10-30,
Belmont Family Dental — Summit 2 seats,77732,2026-12-05,belmontfamilydental4368.com,Summit,Claims & AR Follow-up,2,34,,Communication style
Prescott Dental Group — Core embed,19329,2025-11-03,prescottdentalgroup8248.com,Core,Patient Scheduling;Recall & Reactivation,1,31,2025-11-14,
Maplewood Dental Group — Core 2 seats,26188,2025-02-24,maplewooddentalgroup2628.com,Core,Patient Scheduling;Recall & Reactivation,2,21,2025-03-17,
Beacon Family Dentistry Group — Summit embed,40009,2026-10-18,beaconfamilydentistrygroup.com,Summit,Office Management,1,35,,
Cedar Point Family Dental — Momentum embed,24941,2026-09-01,cedarpointfamilydental5959.com,Momentum,Practice Marketing;Insurance Verification,1,30,,
Alder Creek Surgical Arts — Core 2 seats,34917,2026-05-16,aldercreeksurgicalarts7225.com,Core,Recall & Reactivation;Insurance Verification,2,28,,
Glenwood Dental Partners — Summit embed,28578,2026-08-05,glenwooddentalpartners.com,Summit,Claims & AR Follow-up;Office Management,1,25,,
Sinclair Oral Surgery Associates — Momentum embed,29098,2026-08-19,sinclairoralsurgeryassociate.com,Momentum,Revenue Cycle / Billing;Claims & AR Follow-up,1,35,,
Brookvale Oral Health Partners — Core embed,14964,2026-09-18,brookvaleoralhealthpartners4660.com,Core,Front Office / Patient Comms;Recall & Reactivation,1,24,,
Glenwood Pediatric Dentistry — Momentum embed,19121,2026-09-17,glenwoodpediatricdentistry6506.com,Momentum,Revenue Cycle / Billing;Recall & Reactivation,1,23,,
Beacon Dental Group — Momentum embed,20784,2025-04-30,beacondentalgroup4385.com,Momentum,Revenue Cycle / Billing;Practice Marketing,1,25,2025-05-07,
Northline Family Dentistry Group — Core embed,16835,2025-01-03,northlinefamilydentistrygrou6963.com,Core,Recall & Reactivation;Records & Charting Support,1,27,2025-01-21,
Bayview Dental Studio — Momentum 2 seats,56532,2025-05-20,bayviewdentalstudio5096.com,Momentum,Treatment Coordination;Patient Scheduling,2,34,2025-06-17,
Clearwater Smile Partners — Momentum embed,17459,2026-08-19,clearwatersmilepartners6061.com,Momentum,Revenue Cycle / Billing;Treatment Coordination,1,21,,
Foxfield Dentistry — Core embed,19953,2025-04-24,foxfielddentistry5544.com,Core,Front Office / Patient Comms;Recall & Reactivation,1,32,2025-05-21,
Ridgeway Smile Dentistry — Momentum embed,19121,2026-10-19,ridgewaysmiledentistry3197.com,Momentum,Patient Scheduling;Revenue Cycle / Billing,1,23,,Client paused decision
Oakhurst Dentistry — Momentum 3 seats,77316,2025-10-17,oakhurstdentistry4522.com,Momentum,Recall & Reactivation;Treatment Coordination,3,31,,Practice software gap
Beacon Oral & Maxillofacial Surgery — Momentum 2 seats,31592,2026-11-18,beaconoralmaxillofacialsurge4798.com,Momentum,Treatment Coordination;Insurance Verification,2,19,,Coverage hours mismatch
Hollis Pediatric Dentistry — Momentum embed,24941,2026-10-19,hollispediatricdentistry.com,Momentum,Recall & Reactivation;Practice Marketing,1,30,,
Oakhurst Orthodontic Specialists — Summit embed,21719,2026-11-11,oakhurstorthodonticspecialis8679.com,Summit,Claims & AR Follow-up,1,19,,
Draycott Sports Rehab — Core embed,17459,2026-01-08,draycottsportsrehab.com,Core,Records & Charting Support;Recall & Reactivation,1,28,,Communication style
Wexford Orthodontic Specialists — Momentum 3 seats,54870,2026-08-24,wexfordorthodonticspecialist.com,Momentum,Treatment Coordination;Claims & AR Follow-up,3,22,,
Everly Dental Studio — Momentum 2 seats,33254,2025-08-24,everlydentalstudio9600.com,Momentum,Recall & Reactivation;Revenue Cycle / Billing,2,20,2025-09-14,
Glenwood Oral Health Partners — Momentum embed,23278,2026-06-29,glenwoodoralhealthpartners1182.com,Momentum,Claims & AR Follow-up;Treatment Coordination,1,28,,Specialty experience
Camden Dental Group — Momentum embed,20784,2026-04-19,camdendentalgroup3067.com,Momentum,Treatment Coordination;Recall & Reactivation,1,25,2026-05-07,
Thornbury Dental Group — Core embed,16835,2025-07-02,thornburydentalgroup9228.com,Core,Insurance Verification;Front Office / Patient Comms,1,27,2025-07-12,
Pinehurst Smile Dentistry — Momentum embed,30760,2026-12-02,pinehurstsmiledentistry.com,Momentum,Patient Scheduling,1,37,,
Highpoint Dental Group — Momentum embed,24109,2026-10-15,highpointdentalgroup4890.com,Momentum,Claims & AR Follow-up;Patient Scheduling,1,29,,
Everly Dentistry — Momentum embed,12470,2026-06-04,everlydentistry6409.com,Momentum,Practice Marketing;Revenue Cycle / Billing,1,15,2026-06-23,
Redwood Rehab Associates — Core embed,17459,2026-10-03,redwoodrehabassociates9911.com,Core,Patient Scheduling;Records & Charting Support,1,28,,
Tarrant Dental Group — Momentum 2 seats,33254,2026-11-26,tarrantdentalgroup3887.com,Momentum,Practice Marketing;Patient Scheduling,2,20,,
Highpoint Kids Dental Care — Core embed,16212,2026-05-10,highpointkidsdentalcare3145.com,Core,Insurance Verification,1,26,2026-06-07,
Everly Root Canal Specialists — Momentum embed,28266,2026-10-31,everlyrootcanalspecialists8112.com,Momentum,Recall & Reactivation;Patient Scheduling,1,34,,
Hollis Oral Health Partners — Momentum embed,17459,2026-11-25,hollisoralhealthpartners3709.com,Momentum,Treatment Coordination;Recall & Reactivation,1,21,,
Belmont Dental Group — Core embed,16212,2026-11-01,belmontdentalgroup6806.com,Core,Insurance Verification;Records & Charting Support,1,26,,
Oakhurst Orthodontic Specialists — Core embed,10600,2026-10-29,oakhurstorthodonticspecialis556.com,Core,Records & Charting Support;Front Office / Patient Comms,1,17,,
Lockhart Sports Rehab — Momentum embed,24109,2026-06-19,lockhartsportsrehab.com,Momentum,Treatment Coordination;Claims & AR Follow-up,1,29,2026-07-07,
Thornbury Dental Partners — Core embed,19953,2026-10-10,thornburydentalpartners9528.com,Core,Recall & Reactivation;Records & Charting Support,1,32,,
Ellswood Oral & Maxillofacial Surgery — Momentum 2 seats,48219,2026-09-28,ellswoodoralmaxillofacialsur2876.com,Momentum,Insurance Verification,2,29,,
Ashford Dental Associates — Core embed,19953,2026-09-27,ashforddentalassociates3209.com,Core,Patient Scheduling;Recall & Reactivation,1,32,,
Clearwater Orthodontic Specialists — Core embed,21200,2025-08-14,clearwaterorthodonticspecial6018.com,Core,Front Office / Patient Comms;Patient Scheduling,1,34,2025-08-21,
Stonebridge Dental Studio — Summit embed,27435,2026-02-22,stonebridgedentalstudio.com,Summit,Office Management,1,24,,
Bayview Orthodontic Group — Core embed,14964,2026-08-12,bayvieworthodonticgroup6065.com,Core,Insurance Verification,1,24,,Specialty experience
Redwood Oral Health Partners — Core embed,14341,2026-09-11,redwoodoralhealthpartners173.com,Core,Recall & Reactivation;Patient Scheduling,1,23,,Client paused decision
Prescott Family Dentistry Group — Core embed,22447,2025-05-17,prescottfamilydentistrygroup8196.com,Core,Patient Scheduling;Records & Charting Support,1,36,2025-06-01,
Bayview Sports Rehab — Momentum embed,20784,2026-09-05,bayviewsportsrehab91.com,Momentum,Practice Marketing;Treatment Coordination,1,25,,
Highpoint Dental Care Group — Momentum embed,19953,2026-08-24,highpointdentalcaregroup.com,Momentum,Claims & AR Follow-up;Recall & Reactivation,1,24,,Communication style
Cavendish Dental Studio — Momentum embed,22447,2025-11-20,cavendishdentalstudio6218.com,Momentum,Revenue Cycle / Billing;Recall & Reactivation,1,27,2025-12-15,
Wexford Smile Dentistry — Momentum embed,24941,2026-09-11,wexfordsmiledentistry5832.com,Momentum,Recall & Reactivation;Practice Marketing,1,30,,
Glenwood Oral & Maxillofacial Surgery — Momentum embed,21615,2025-01-19,glenwoodoralmaxillofacialsur.com,Momentum,Practice Marketing;Insurance Verification,1,26,2025-01-30,
Ridgeway Oral & Maxillofacial Surgery — Core embed,16835,2026-10-16,ridgewayoralmaxillofacialsur.com,Core,Records & Charting Support;Recall & Reactivation,1,27,,
Granville Family Dental — Summit embed,29721,2026-04-17,granvillefamilydental8186.com,Summit,Claims & AR Follow-up,1,26,2026-04-26,
Sinclair Periodontal Specialists — Core embed,21823,2026-09-23,sinclairperiodontalspecialis1453.com,Core,Recall & Reactivation;Insurance Verification,1,35,,
Bayview Oral & Maxillofacial Surgery — Core embed,11847,2026-07-15,bayvieworalmaxillofacialsurg2285.com,Core,Insurance Verification;Patient Scheduling,1,19,2026-08-03,
Cavendish Family Dentistry Group — Momentum embed,22447,2026-08-01,cavendishfamilydentistrygrou2225.com,Momentum,Patient Scheduling;Revenue Cycle / Billing,1,27,2026-08-18,
Foxfield Smile Partners — Core embed,17459,2026-10-24,foxfieldsmilepartners.com,Core,Records & Charting Support;Insurance Verification,1,28,,Rate
Silverbrook Pediatric Dentistry — Core embed,11223,2026-11-06,silverbrookpediatricdentistr.com,Core,Recall & Reactivation;Front Office / Patient Comms,1,18,,
Ashford Oral Surgery Associates — Momentum embed,21615,2026-09-09,ashfordoralsurgeryassociates.com,Momentum,Recall & Reactivation;Insurance Verification,1,26,,
Fairmont Rehab Associates — Momentum embed,20784,2026-04-05,fairmontrehabassociates.com,Momentum,Practice Marketing,1,25,2026-04-16,
Bayview Dental Collective — Momentum embed,26604,2026-01-04,bayviewdentalcollective.com,Momentum,Recall & Reactivation;Revenue Cycle / Billing,1,32,2026-01-30,
Ellswood Dental Alliance — Momentum embed,24109,2026-09-02,ellswooddentalalliance6614.com,Momentum,Revenue Cycle / Billing;Practice Marketing,1,29,,
Ashford Oral Health Partners — Core 2 seats,43646,2026-08-23,ashfordoralhealthpartners5760.com,Core,Patient Scheduling;Recall & Reactivation,2,35,,Rate
Prescott Dental Care Group — Momentum 2 seats,43231,2026-06-26,prescottdentalcaregroup4514.com,Momentum,Claims & AR Follow-up,2,26,2026-07-06,
Fairmont Dental Associates — Summit embed,38866,2026-09-22,fairmontdentalassociates9298.com,Summit,Claims & AR Follow-up;Office Management,1,34,,
Granville Orthodontic Specialists — Momentum embed,27435,2026-08-31,granvilleorthodonticspeciali.com,Momentum,Recall & Reactivation,1,33,,Specialty experience
Foxfield Dental Group — Core 3 seats,52376,2025-05-26,foxfielddentalgroup8756.com,Core,Recall & Reactivation;Patient Scheduling,3,28,,
Brookvale Children’s Dental — Momentum embed,21615,2025-11-13,brookvalechildrensdental8870.com,Momentum,Insurance Verification;Practice Marketing,1,26,2025-12-01,
Fieldstone Family Dentistry Group — Momentum embed,16627,2025-05-23,fieldstonefamilydentistrygro6327.com,Momentum,Insurance Verification,1,20,2025-06-06,
Harbour Dental Care — Core embed,13094,2026-04-14,harbourdentalcare3218.com,Core,Records & Charting Support,1,21,,Practice software gap
Summit Ridge Dental Collective — Momentum embed,23278,2025-06-09,summitridgedentalcollective4934.com,Momentum,Patient Scheduling;Revenue Cycle / Billing,1,28,2025-06-18,
Cavendish Dental Associates — Core 2 seats,31176,2025-06-11,cavendishdentalassociates1678.com,Core,Insurance Verification;Recall & Reactivation,2,25,2025-07-05,
Lakeshore Dental Group — Momentum 2 seats,63183,2026-08-15,lakeshoredentalgroup7364.com,Momentum,Treatment Coordination;Revenue Cycle / Billing,2,38,,
Wynn Dental Partners — Summit embed,25149,2026-03-08,wynndentalpartners.com,Summit,Operations Leadership;Claims & AR Follow-up,1,22,2026-04-01,
Cedar Point Family Dental — Summit 3 seats,120028,2026-09-14,cedarpointfamilydental7979.com,Summit,Office Management;Claims & AR Follow-up,3,35,,
Silverbrook Oral Surgery Associates — Momentum embed,25772,2026-08-16,silverbrookoralsurgeryassoci.com,Momentum,Claims & AR Follow-up;Patient Scheduling,1,31,,
Redwood Dental Associates — Summit embed,19433,2026-09-11,redwooddentalassociates1234.com,Summit,Claims & AR Follow-up,1,17,,
Sinclair Orthodontic Group — Momentum embed,19953,2026-07-09,sinclairorthodonticgroup.com,Momentum,Claims & AR Follow-up;Recall & Reactivation,1,24,2026-07-18,
Westgate Oral Health Partners — Momentum embed,17459,2026-09-21,westgateoralhealthpartners3389.com,Momentum,Treatment Coordination;Insurance Verification,1,21,,Coverage hours mismatch
Maplewood Oral Surgery Associates — Momentum 2 seats,43231,2026-08-19,maplewoodoralsurgeryassociat7597.com,Momentum,Patient Scheduling;Insurance Verification,2,26,,
Highpoint Dentistry — Momentum 2 seats,29929,2025-11-25,highpointdentistry2338.com,Momentum,Treatment Coordination;Insurance Verification,2,18,2025-12-09,
Stonebridge Oral Health Partners — Momentum embed,28266,2026-11-15,stonebridgeoralhealthpartner2536.com,Momentum,Insurance Verification;Claims & AR Follow-up,1,34,,
Draycott Family Dentistry Group — Core embed,16835,2025-04-07,draycottfamilydentistrygroup8149.com,Core,Patient Scheduling;Insurance Verification,1,27,2025-04-28,
Maplewood Dentistry — Summit embed,41152,2025-07-08,maplewooddentistry.com,Summit,Claims & AR Follow-up,1,36,,
Glenwood Dental Associates — Momentum embed,14133,2026-03-31,glenwooddentalassociates3948.com,Momentum,Insurance Verification,1,17,2026-04-09,
Foxfield Dentistry — Momentum embed,19121,2026-05-25,foxfielddentistry9305.com,Momentum,Claims & AR Follow-up;Practice Marketing,1,23,,Client paused decision
Ashford Smile Dentistry — Momentum embed,28266,2026-10-21,ashfordsmiledentistry8472.com,Momentum,Treatment Coordination;Recall & Reactivation,1,34,,
Beacon Root Canal Specialists — Momentum embed,27435,2026-10-25,beaconrootcanalspecialists9247.com,Momentum,Insurance Verification;Recall & Reactivation,1,33,,
Foxfield Dental Care Group — Core embed,14964,2026-01-04,foxfielddentalcaregroup.com,Core,Records & Charting Support;Insurance Verification,1,24,2026-01-19,
Silverbrook Dental Associates — Momentum embed,22447,2025-08-02,silverbrookdentalassociates2298.com,Momentum,Patient Scheduling;Practice Marketing,1,27,2025-08-20,
Fairmont Dental Studio — Momentum embed,25772,2026-11-01,fairmontdentalstudio1914.com,Momentum,Claims & AR Follow-up;Treatment Coordination,1,31,,Specialty experience
Kingsley Dental Collective — Momentum embed,21615,2026-11-12,kingsleydentalcollective4719.com,Momentum,Recall & Reactivation;Insurance Verification,1,26,,
Camden Oral & Maxillofacial Surgery — Core 2 seats,43646,2026-09-01,camdenoralmaxillofacialsurge9111.com,Core,Front Office / Patient Comms,2,35,,
Foxfield Dental Alliance — Momentum 2 seats,51544,2026-10-14,foxfielddentalalliance.com,Momentum,Practice Marketing;Treatment Coordination,2,31,,
Pinehurst Oral Health Partners — Core embed,15588,2026-08-07,pinehurstoralhealthpartners.com,Core,Records & Charting Support,1,25,,
Harbour Dental Group — Momentum embed,25772,2025-05-12,harbourdentalgroup.com,Momentum,Patient Scheduling;Revenue Cycle / Billing,1,31,2025-06-07,
Pinehurst Dentistry — Core 2 seats,38658,2026-09-27,pinehurstdentistry6585.com,Core,Front Office / Patient Comms;Insurance Verification,2,31,,Specialty experience
Wexford Oral & Maxillofacial Surgery — Core embed,16212,2026-08-22,wexfordoralmaxillofacialsurg.com,Core,Insurance Verification;Records & Charting Support,1,26,,
Wynn Dental Collective — Core embed,17459,2025-02-15,wynndentalcollective2499.com,Core,Records & Charting Support;Front Office / Patient Comms,1,28,2025-03-06,
Ridgeway Orthodontic Group — Momentum embed,29098,2025-06-03,ridgewayorthodonticgroup9819.com,Momentum,Treatment Coordination;Revenue Cycle / Billing,1,35,2025-06-18,
Summit Ridge Orthodontics — Core embed,12470,2026-08-18,summitridgeorthodontics.com,Core,Records & Charting Support;Recall & Reactivation,1,20,,Client paused decision
Highpoint Periodontics — Summit embed,35437,2025-02-28,highpointperiodontics3110.com,Summit,Office Management;Claims & AR Follow-up,1,31,2025-03-28,
Foxfield Dental Collective — Momentum 3 seats,69834,2025-06-23,foxfielddentalcollective2130.com,Momentum,Recall & Reactivation;Practice Marketing,3,28,2025-07-03,
Thornbury Dental Group — Core 2 seats,29929,2025-05-15,thornburydentalgroup5704.com,Core,Front Office / Patient Comms;Records & Charting Support,2,24,2025-06-12,
Sinclair Dental Partners — Momentum embed,31592,2026-09-07,sinclairdentalpartners834.com,Momentum,Treatment Coordination;Practice Marketing,1,38,,
Fieldstone Dental Associates — Summit embed,28578,2026-03-28,fieldstonedentalassociates5417.com,Summit,Office Management;Operations Leadership,1,25,,
Meridian Specialty Care Partners — Core embed,11847,2025-06-13,meridianspecialtycarepartner6591.com,Core,Insurance Verification;Records & Charting Support,1,19,2025-06-29,
Belmont Orthodontics — Momentum embed,24941,2026-10-20,belmontorthodontics5295.com,Momentum,Recall & Reactivation;Patient Scheduling,1,30,,
Draycott Family Dental — Momentum embed,19953,2026-05-02,draycottfamilydental.com,Momentum,Claims & AR Follow-up;Recall & Reactivation,1,24,2026-05-24,
Beacon Dental Alliance — Momentum embed,19953,2026-05-30,beacondentalalliance1806.com,Momentum,Claims & AR Follow-up;Treatment Coordination,1,24,,
Belmont Oral Surgery Associates — Momentum embed,28266,2026-11-22,belmontoralsurgeryassociates8901.com,Momentum,Recall & Reactivation;Revenue Cycle / Billing,1,34,,Practice software gap
Windsor Dentistry — Momentum embed,29098,2025-02-24,windsordentistry286.com,Momentum,Patient Scheduling;Recall & Reactivation,1,35,,
Cedar Point Periodontics — Momentum 2 seats,51544,2026-11-17,cedarpointperiodontics.com,Momentum,Treatment Coordination;Recall & Reactivation,2,31,,Client paused decision
Beacon Dental Care Group — Summit embed,21719,2026-11-03,beacondentalcaregroup9927.com,Summit,Revenue Cycle / Billing;Operations Leadership,1,19,,
Oakhurst Dental Care — Core 3 seats,48635,2026-07-09,oakhurstdentalcare7705.com,Core,Records & Charting Support;Front Office / Patient Comms,3,26,2026-07-17,
Ashford Dental Care — Core embed,22447,2026-04-13,ashforddentalcare2958.com,Core,Patient Scheduling;Records & Charting Support,1,36,2026-04-21,
Camden Dental Group — Momentum 2 seats,43231,2026-11-11,camdendentalgroup2452.com,Momentum,Insurance Verification;Practice Marketing,2,26,,
Oakhurst Children’s Dental — Momentum embed,17459,2025-01-02,oakhurstchildrensdental1861.com,Momentum,Claims & AR Follow-up;Revenue Cycle / Billing,1,21,,Coverage hours mismatch
Draycott Dental Studio — Momentum embed,23278,2026-10-19,draycottdentalstudio3192.com,Momentum,Recall & Reactivation;Claims & AR Follow-up,1,28,,
Wexford Oral Surgery Associates — Core embed,14341,2025-02-14,wexfordoralsurgeryassociates8425.com,Core,Records & Charting Support;Patient Scheduling,1,23,2025-03-10,
Granville Endodontic Associates — Summit embed,36580,2026-03-08,granvilleendodonticassociate2260.com,Summit,Operations Leadership,1,32,2026-03-23,
Ridgeway Orthodontic Specialists — Momentum embed,24941,2026-09-16,ridgewayorthodonticspecialis7742.com,Momentum,Recall & Reactivation,1,30,,
Camden Periodontal Specialists — Core embed,16212,2026-11-04,camdenperiodontalspecialists9573.com,Core,Insurance Verification;Patient Scheduling,1,26,,Coverage hours mismatch
Bayview Smile Partners — Summit embed,26292,2025-03-29,bayviewsmilepartners4264.com,Summit,Revenue Cycle / Billing;Operations Leadership,1,23,2025-04-15,
Windsor Orthodontic Group — Summit embed,33150,2026-09-20,windsororthodonticgroup1667.com,Summit,Claims & AR Follow-up;Office Management,1,29,,
Clearwater Oral Surgery Associates — Momentum embed,28266,2026-11-26,clearwateroralsurgeryassocia9201.com,Momentum,Recall & Reactivation;Patient Scheduling,1,34,,
Clearwater Family Dental — Momentum embed,22447,2026-09-20,clearwaterfamilydental7132.com,Momentum,Patient Scheduling;Treatment Coordination,1,27,,
Belmont Dental Care Group — Momentum 2 seats,49882,2025-04-03,belmontdentalcaregroup7247.com,Momentum,Claims & AR Follow-up,2,30,,
Everly Dental Associates — Core 2 seats,39905,2026-02-01,everlydentalassociates3862.com,Core,Records & Charting Support;Recall & Reactivation,2,32,,
Clearwater Family Dental — Momentum 2 seats,46556,2026-03-31,clearwaterfamilydental4352.com,Momentum,Insurance Verification;Revenue Cycle / Billing,2,28,2026-04-21,
Westgate Dental Collective — Core embed,19329,2025-12-01,westgatedentalcollective.com,Core,Insurance Verification;Records & Charting Support,1,31,2025-12-13,
Clearwater Dental Care Group — Core embed,18082,2025-02-26,clearwaterdentalcaregroup7533.com,Core,Front Office / Patient Comms,1,29,2025-03-12,
Riverstone Orthodontic Specialists — Momentum embed,29929,2026-01-04,riverstoneorthodonticspecial.com,Momentum,Treatment Coordination;Revenue Cycle / Billing,1,36,2026-01-21,
Camden Dental Studio — Summit 2 seats,54870,2026-09-15,camdendentalstudio.com,Summit,Revenue Cycle / Billing,2,24,,
Everly Oral & Maxillofacial Surgery — Core 2 seats,21200,2026-10-02,everlyoralmaxillofacialsurge.com,Core,Patient Scheduling;Recall & Reactivation,2,17,,
Bramwell Smile Partners — Momentum embed,22447,2025-09-05,bramwellsmilepartners2665.com,Momentum,Insurance Verification;Recall & Reactivation,1,27,2025-09-20,
Ridgeway Dentistry — Momentum embed,19121,2026-09-30,ridgewaydentistry2602.com,Momentum,Treatment Coordination;Revenue Cycle / Billing,1,23,,
Cavendish Oral & Maxillofacial Surgery — Core 2 seats,41152,2026-09-07,cavendishoralmaxillofacialsu4157.com,Core,Patient Scheduling;Recall & Reactivation,2,33,,Practice software gap
Nortonville Oral Surgery Associates — Core embed,17459,2026-02-06,nortonvilleoralsurgeryassoci.com,Core,Front Office / Patient Comms,1,28,,Rate
Ridgeway Family Dentistry Group — Momentum embed,19953,2026-11-03,ridgewayfamilydentistrygroup7118.com,Momentum,Claims & AR Follow-up,1,24,,Specialty experience
Northline Dental Alliance — Summit embed,37723,2025-09-20,northlinedentalalliance2290.com,Summit,Operations Leadership;Claims & AR Follow-up,1,33,,Client paused decision
Wexford Dental Care — Momentum embed,22447,2026-10-05,wexforddentalcare.com,Momentum,Insurance Verification;Recall & Reactivation,1,27,,
Sinclair Dental Associates — Momentum 3 seats,59858,2026-11-13,sinclairdentalassociates.com,Momentum,Treatment Coordination;Practice Marketing,3,24,,
Everly Family Dentistry Group — Momentum embed,15796,2026-01-11,everlyfamilydentistrygroup5780.com,Momentum,Insurance Verification;Revenue Cycle / Billing,1,19,2026-02-08,
Lakeshore Dentistry — Summit embed,24006,2025-04-13,lakeshoredentistry9444.com,Summit,Operations Leadership,1,21,2025-04-25,
Belmont Smile Dentistry — Core embed,16212,2026-09-17,belmontsmiledentistry3146.com,Core,Records & Charting Support;Recall & Reactivation,1,26,,Communication style
Beacon Smile Dentistry — Core 2 seats,36164,2026-07-07,beaconsmiledentistry6799.com,Core,Recall & Reactivation;Patient Scheduling,2,29,2026-07-26,
Camden Dental Studio — Core embed,20576,2025-10-13,camdendentalstudio2939.com,Core,Records & Charting Support;Recall & Reactivation,1,33,,Coverage hours mismatch
Granville Pediatric Dentistry — Summit embed,32007,2026-09-11,granvillepediatricdentistry2487.com,Summit,Operations Leadership;Claims & AR Follow-up,1,28,,Client paused decision
Cavendish Dentistry — Core embed,18082,2026-11-06,cavendishdentistry759.com,Core,Insurance Verification;Records & Charting Support,1,29,,Communication style
Brookvale Pediatric Dentistry — Momentum embed,20784,2026-01-25,brookvalepediatricdentistry.com,Momentum,Recall & Reactivation;Claims & AR Follow-up,1,25,2026-02-17,
Redwood Dental Associates — Momentum embed,22447,2026-09-12,redwooddentalassociates8101.com,Momentum,Claims & AR Follow-up;Patient Scheduling,1,27,,
Stonebridge Dental Group — Momentum 3 seats,57364,2026-10-01,stonebridgedentalgroup411.com,Momentum,Recall & Reactivation;Insurance Verification,3,23,,Communication style
Everly Surgical Arts — Momentum embed,17459,2026-04-28,everlysurgicalarts.com,Momentum,Revenue Cycle / Billing;Practice Marketing,1,21,2026-05-10,
Thornbury Root Canal Specialists — Summit embed,29721,2025-05-06,thornburyrootcanalspecialist9984.com,Summit,Office Management;Revenue Cycle / Billing,1,26,2025-05-22,
Alder Creek Dental Group — Momentum embed,21615,2026-11-13,aldercreekdentalgroup1969.com,Momentum,Claims & AR Follow-up,1,26,,
Redwood Sports Rehab — Summit embed,28578,2026-03-09,redwoodsportsrehab1606.com,Summit,Office Management,1,25,2026-04-05,
Brookvale Smile Dentistry — Summit 2 seats,73160,2026-09-27,brookvalesmiledentistry2227.com,Summit,Revenue Cycle / Billing,2,32,,
Ridgeway Family Dental — Momentum embed,16627,2026-11-17,ridgewayfamilydental7771.com,Momentum,Revenue Cycle / Billing;Treatment Coordination,1,20,,Communication style
Ellswood Surgical Arts — Momentum embed,21615,2026-09-27,ellswoodsurgicalarts.com,Momentum,Recall & Reactivation,1,26,,
Cedar Point Kids Dental Care — Core embed,23694,2026-11-23,cedarpointkidsdentalcare7843.com,Core,Front Office / Patient Comms;Records & Charting Support,1,38,,
Foxfield Dental Group — Momentum 2 seats,58195,2026-11-05,foxfielddentalgroup928.com,Momentum,Practice Marketing,2,35,,Client paused decision
Windsor Orthodontic Group — Core embed,11847,2026-11-25,windsororthodonticgroup4586.com,Core,Patient Scheduling,1,19,,
Ellswood Oral & Maxillofacial Surgery — Momentum embed,19953,2026-09-12,ellswoodoralmaxillofacialsur2658.com,Momentum,Practice Marketing;Revenue Cycle / Billing,1,24,,
Cavendish Root Canal Specialists — Summit embed,35437,2026-08-21,cavendishrootcanalspecialist.com,Summit,Operations Leadership;Claims & AR Follow-up,1,31,,
Northline Dental Care — Core 2 seats,44893,2026-06-28,northlinedentalcare1670.com,Core,Patient Scheduling,2,36,2026-07-06,
Meridian Surgical Arts — Summit embed,43439,2026-04-20,meridiansurgicalarts7167.com,Summit,Office Management,1,38,2026-05-07,
Draycott Dental Alliance — Core embed,13094,2025-02-23,draycottdentalalliance9692.com,Core,Records & Charting Support;Patient Scheduling,1,21,2025-03-09,
Highpoint Oral Health Partners — Core embed,13094,2025-09-22,highpointoralhealthpartners4171.com,Core,Recall & Reactivation;Front Office / Patient Comms,1,21,,Client paused decision
Glenwood Smile Dentistry — Core embed,12470,2026-10-08,glenwoodsmiledentistry2735.com,Core,Patient Scheduling,1,20,,
Sinclair Dental Group — Core embed,17459,2025-12-13,sinclairdentalgroup6610.com,Core,Records & Charting Support,1,28,2026-01-09,
Hollis Dental Care — Momentum embed,23278,2026-10-18,hollisdentalcare4127.com,Momentum,Claims & AR Follow-up,1,28,,Client paused decision
Windsor Family Dental — Momentum embed,21615,2026-09-02,windsorfamilydental3356.com,Momentum,Patient Scheduling;Insurance Verification,1,26,,
Wynn Dental Collective — Core 2 seats,28682,2026-11-14,wynndentalcollective.com,Core,Patient Scheduling;Insurance Verification,2,23,,Specialty experience
Stonebridge Oral Health Partners — Core embed,18082,2025-10-23,stonebridgeoralhealthpartner8744.com,Core,Patient Scheduling;Insurance Verification,1,29,2025-11-01,
Oakhurst Dentistry — Core 2 seats,26188,2026-03-18,oakhurstdentistry1211.com,Core,Insurance Verification;Front Office / Patient Comms,2,21,2026-04-07,
Wynn Smile Partners — Summit embed,41152,2026-09-20,wynnsmilepartners3993.com,Summit,Operations Leadership;Office Management,1,36,,
Maplewood Periodontics — Momentum embed,23278,2024-12-17,maplewoodperiodontics.com,Momentum,Insurance Verification;Treatment Coordination,1,28,2025-01-04,
Glenwood Kids Dental Care — Core 2 seats,44893,2026-09-11,glenwoodkidsdentalcare6392.com,Core,Records & Charting Support;Patient Scheduling,2,36,,Communication style
Windsor Periodontics — Momentum embed,18290,2025-07-26,windsorperiodontics9837.com,Momentum,Revenue Cycle / Billing;Patient Scheduling,1,22,2025-08-19,
Bramwell Family Dentistry Group — Core embed,22447,2024-12-30,bramwellfamilydentistrygroup2377.com,Core,Records & Charting Support;Patient Scheduling,1,36,2025-01-24,
Ashford Dentistry — Core 3 seats,59858,2026-10-01,ashforddentistry8076.com,Core,Recall & Reactivation,3,32,,
Beacon Dental Associates — Core embed,12470,2026-09-01,beacondentalassociates.com,Core,Recall & Reactivation,1,20,,
Foxfield Dental Group — Momentum embed,30760,2026-11-20,foxfielddentalgroup367.com,Momentum,Practice Marketing;Insurance Verification,1,37,,Communication style
Belmont Orthodontics — Summit 2 seats,36580,2026-08-13,belmontorthodontics9759.com,Summit,Operations Leadership,2,16,,
Summit Ridge Smile Dentistry — Core 2 seats,34917,2026-08-22,summitridgesmiledentistry8885.com,Core,Insurance Verification;Records & Charting Support,2,28,,Specialty experience
Cavendish Dental Care Group — Core embed,18706,2026-09-05,cavendishdentalcaregroup9771.com,Core,Insurance Verification,1,30,,
Prescott Dentistry — Momentum embed,24941,2026-09-03,prescottdentistry6122.com,Momentum,Patient Scheduling;Treatment Coordination,1,30,,
Summit Ridge Family Dental — Momentum embed,17459,2026-11-12,summitridgefamilydental233.com,Momentum,Practice Marketing;Revenue Cycle / Billing,1,21,,
Cavendish Orthodontic Specialists — Core embed,18706,2026-10-22,cavendishorthodonticspeciali4379.com,Core,Insurance Verification;Patient Scheduling,1,30,,Client paused decision
Alder Creek Rehab Associates — Momentum embed,25772,2025-11-02,aldercreekrehabassociates768.com,Momentum,Recall & Reactivation;Claims & AR Follow-up,1,31,,Practice software gap
Cavendish Smile Dentistry — Core embed,15588,2026-08-25,cavendishsmiledentistry6142.com,Core,Recall & Reactivation;Patient Scheduling,1,25,,
Silverbrook Orthodontic Group — Momentum embed,15796,2026-09-08,silverbrookorthodonticgroup5273.com,Momentum,Revenue Cycle / Billing,1,19,,
Northline Dental Group — Momentum embed,20784,2025-01-25,northlinedentalgroup9900.com,Momentum,Recall & Reactivation;Insurance Verification,1,25,,Practice software gap
Windsor Orthodontic Group — Momentum 2 seats,34917,2026-12-07,windsororthodonticgroup3172.com,Momentum,Recall & Reactivation;Treatment Coordination,2,21,,
Bramwell Dental Associates — Momentum 2 seats,38243,2026-06-05,bramwelldentalassociates7884.com,Momentum,Treatment Coordination;Insurance Verification,2,23,2026-06-21,
Harbour Dental Care — Core embed,14964,2025-09-19,harbourdentalcare2594.com,Core,Front Office / Patient Comms;Insurance Verification,1,24,2025-10-16,
Prescott Movement Clinic — Momentum embed,16627,2025-04-10,prescottmovementclinic5129.com,Momentum,Patient Scheduling;Revenue Cycle / Billing,1,20,2025-05-03,
Highpoint Braces & Aligners — Momentum embed,28266,2026-11-11,highpointbracesaligners4741.com,Momentum,Revenue Cycle / Billing;Patient Scheduling,1,34,,
Cavendish Smile Dentistry — Core embed,14964,2026-11-11,cavendishsmiledentistry1390.com,Core,Recall & Reactivation;Records & Charting Support,1,24,,Coverage hours mismatch
Summit Ridge Dental Care — Momentum embed,27435,2026-08-28,summitridgedentalcare2689.com,Momentum,Revenue Cycle / Billing;Patient Scheduling,1,33,,
Fieldstone Oral Health Partners — Summit embed,43439,2026-11-08,fieldstoneoralhealthpartners4100.com,Summit,Office Management,1,38,,
Cedar Point Braces & Aligners — Summit embed,33150,2026-09-26,cedarpointbracesaligners5379.com,Summit,Operations Leadership;Revenue Cycle / Billing,1,29,,
Cavendish Braces & Aligners — Momentum 2 seats,59858,2025-06-20,cavendishbracesaligners.com,Momentum,Insurance Verification;Recall & Reactivation,2,36,,Specialty experience
Harbour Dental Care — Momentum 2 seats,38243,2025-09-09,harbourdentalcare5253.com,Momentum,Treatment Coordination;Insurance Verification,2,23,2025-09-27,
Silverbrook Dental Associates — Core embed,13717,2026-11-11,silverbrookdentalassociates253.com,Core,Records & Charting Support;Patient Scheduling,1,22,,
Windsor Dental Care Group — Summit embed,27435,2025-09-05,windsordentalcaregroup7255.com,Summit,Office Management;Revenue Cycle / Billing,1,24,2025-09-21,
Lockhart Dental Associates — Core embed,16835,2026-09-07,lockhartdentalassociates.com,Core,Records & Charting Support;Front Office / Patient Comms,1,27,,Client paused decision
Cavendish Dental Associates — Summit embed,27435,2025-01-25,cavendishdentalassociates1678.com,Summit,Claims & AR Follow-up,1,24,2025-02-12,
Cavendish Dental Care — Momentum embed,15796,2026-11-01,cavendishdentalcare8548.com,Momentum,Patient Scheduling;Treatment Coordination,1,19,,Specialty experience
Foxfield Dental Studio — Momentum embed,24109,2026-11-04,foxfielddentalstudio.com,Momentum,Treatment Coordination;Revenue Cycle / Billing,1,29,,
Ellswood Oral & Maxillofacial Surgery — Momentum embed,23278,2026-09-27,ellswoodoralmaxillofacialsur8136.com,Momentum,Patient Scheduling;Claims & AR Follow-up,1,28,,Client paused decision
Harbour Dental Studio — Momentum embed,17459,2026-05-27,harbourdentalstudio6658.com,Momentum,Treatment Coordination;Insurance Verification,1,21,2026-06-16,
Harbour Dental Partners — Core embed,18082,2026-08-08,harbourdentalpartners.com,Core,Front Office / Patient Comms;Patient Scheduling,1,29,2026-08-27,
Meridian Surgical Arts — Summit embed,45725,2025-12-25,meridiansurgicalarts5485.com,Summit,Claims & AR Follow-up;Office Management,1,40,2026-01-02,
Cavendish Orthodontics — Summit embed,37723,2025-05-23,cavendishorthodontics.com,Summit,Claims & AR Follow-up;Office Management,1,33,2025-06-03,
Cavendish Dental Care — Momentum embed,22447,2026-03-19,cavendishdentalcare4607.com,Momentum,Patient Scheduling;Treatment Coordination,1,27,2026-03-26,
Granville Dental Associates — Core embed,15588,2026-08-27,granvilledentalassociates.com,Core,Records & Charting Support,1,25,,Communication style
Lockhart Root Canal Specialists — Momentum embed,19953,2025-11-02,lockhartrootcanalspecialists3959.com,Momentum,Treatment Coordination,1,24,2025-11-18,
Ridgeway Movement Clinic — Core embed,12470,2026-11-20,ridgewaymovementclinic6441.com,Core,Front Office / Patient Comms;Recall & Reactivation,1,20,,
Belmont Kids Dental Care — Core embed,16835,2025-01-26,belmontkidsdentalcare8720.com,Core,Insurance Verification;Patient Scheduling,1,27,2025-02-22,
Harbour Smile Dentistry — Momentum embed,29929,2026-05-12,harboursmiledentistry8760.com,Momentum,Treatment Coordination;Claims & AR Follow-up,1,36,2026-06-04,
Westgate Dental Collective — Momentum embed,28266,2025-04-17,westgatedentalcollective3292.com,Momentum,Claims & AR Follow-up;Revenue Cycle / Billing,1,34,,Client paused decision
Camden Smile Dentistry — Momentum embed,16627,2026-03-02,camdensmiledentistry3116.com,Momentum,Claims & AR Follow-up;Patient Scheduling,1,20,2026-03-26,
Wynn Dental Group — Core 2 seats,24941,2025-03-04,wynndentalgroup7580.com,Core,Insurance Verification;Records & Charting Support,2,20,2025-03-24,
Thornbury Dental Associates — Core embed,12470,2026-11-23,thornburydentalassociates1713.com,Core,Recall & Reactivation;Records & Charting Support,1,20,,
Silverbrook Specialty Care Partners — Momentum embed,28266,2026-11-08,silverbrookspecialtycarepart6539.com,Momentum,Revenue Cycle / Billing;Insurance Verification,1,34,,
Pinehurst Dentistry — Summit embed,30864,2026-06-07,pinehurstdentistry5754.com,Summit,Revenue Cycle / Billing;Claims & AR Follow-up,1,27,2026-07-03,
Stonebridge Oral Health Partners — Momentum embed,19953,2026-10-28,stonebridgeoralhealthpartner2536.com,Momentum,Claims & AR Follow-up;Revenue Cycle / Billing,1,24,,Rate
Meridian Smile Dentistry — Momentum 2 seats,43231,2026-10-19,meridiansmiledentistry.com,Momentum,Treatment Coordination;Revenue Cycle / Billing,2,26,,
Camden Pediatric Dentistry — Core 2 seats,47388,2026-11-09,camdenpediatricdentistry9707.com,Core,Records & Charting Support;Insurance Verification,2,38,,
Wynn Dentistry — Momentum embed,29098,2026-01-07,wynndentistry1997.com,Momentum,Insurance Verification;Claims & AR Follow-up,1,35,,Client paused decision
Riverstone Oral Surgery Associates — Core embed,15588,2025-07-25,riverstoneoralsurgeryassocia.com,Core,Insurance Verification;Recall & Reactivation,1,25,,Client paused decision
Oakhurst Surgical Arts — Summit 3 seats,106310,2026-09-05,oakhurstsurgicalarts6708.com,Summit,Office Management;Operations Leadership,3,31,,
Cavendish Dermatology Group — Core embed,10600,2026-08-21,cavendishdermatologygroup.com,Core,Patient Scheduling;Front Office / Patient Comms,1,17,,
Thornbury Root Canal Specialists — Summit embed,34294,2025-08-01,thornburyrootcanalspecialist1449.com,Summit,Revenue Cycle / Billing;Operations Leadership,1,30,2025-08-20,
Stonebridge Oral & Maxillofacial Surgery — Momentum embed,22447,2026-09-10,stonebridgeoralmaxillofacial.com,Momentum,Revenue Cycle / Billing;Practice Marketing,1,27,,Rate
Draycott Dermatology Group — Momentum embed,18290,2026-10-14,draycottdermatologygroup8046.com,Momentum,Patient Scheduling;Revenue Cycle / Billing,1,22,,
Wexford Dental Studio — Summit embed,34294,2025-03-15,wexforddentalstudio527.com,Summit,Operations Leadership;Revenue Cycle / Billing,1,30,,Communication style
Ridgeway Oral Surgery Associates — Summit embed,29721,2026-09-16,ridgewayoralsurgeryassociate.com,Summit,Claims & AR Follow-up;Office Management,1,26,,
Silverbrook Root Canal Specialists — Core embed,22447,2026-08-26,silverbrookrootcanalspeciali4442.com,Core,Insurance Verification;Recall & Reactivation,1,36,,
Wexford Dentistry — Momentum embed,17459,2026-09-21,wexforddentistry3324.com,Momentum,Insurance Verification;Claims & AR Follow-up,1,21,,
Belmont Oral & Maxillofacial Surgery — Momentum embed,23278,2025-06-11,belmontoralmaxillofacialsurg5046.com,Momentum,Claims & AR Follow-up,1,28,2025-06-29,
Pinehurst Periodontal Specialists — Momentum embed,14133,2026-05-16,pinehurstperiodontalspeciali3548.com,Momentum,Patient Scheduling;Practice Marketing,1,17,2026-05-28,
Brookvale Dental Alliance — Core embed,17459,2026-09-16,brookvaledentalalliance.com,Core,Records & Charting Support;Recall & Reactivation,1,28,,
Camden Dental Care — Momentum 2 seats,44893,2026-03-06,camdendentalcare3215.com,Momentum,Practice Marketing;Patient Scheduling,2,27,2026-03-25,
Wexford Dental Studio — Core embed,18706,2025-04-16,wexforddentalstudio.com,Core,Recall & Reactivation;Front Office / Patient Comms,1,30,2025-05-07,
Maplewood Family Dental — Core embed,16835,2026-10-24,maplewoodfamilydental2552.com,Core,Insurance Verification;Recall & Reactivation,1,27,,Coverage hours mismatch
Clearwater Oral Health Partners — Momentum 2 seats,44893,2026-08-13,clearwateroralhealthpartners4312.com,Momentum,Treatment Coordination;Patient Scheduling,2,27,,
Thornbury Smile Dentistry — Core 2 seats,38658,2025-12-10,thornburysmiledentistry8142.com,Core,Recall & Reactivation,2,31,2026-01-02,
Fieldstone Dentistry — Momentum embed,25772,2026-09-13,fieldstonedentistry4240.com,Momentum,Patient Scheduling;Insurance Verification,1,31,,
Camden Orthodontics — Core embed,19329,2025-09-11,camdenorthodontics3721.com,Core,Recall & Reactivation;Patient Scheduling,1,31,2025-09-25,
Highpoint Movement Clinic — Core embed,19329,2026-06-08,highpointmovementclinic3437.com,Core,Recall & Reactivation;Records & Charting Support,1,31,2026-06-22,
Stonebridge Dental Associates — Summit embed,38866,2026-02-23,stonebridgedentalassociates4155.com,Summit,Operations Leadership;Revenue Cycle / Billing,1,34,2026-03-16,
Cavendish Dentistry — Momentum embed,30760,2026-06-01,cavendishdentistry4260.com,Momentum,Claims & AR Follow-up;Patient Scheduling,1,37,2026-06-19,
Nortonville Smile Partners — Momentum embed,25772,2026-09-01,nortonvillesmilepartners5739.com,Momentum,Revenue Cycle / Billing;Insurance Verification,1,31,,Practice software gap
Beacon Pediatric Dentistry — Summit embed,26292,2026-07-27,beaconpediatricdentistry3298.com,Summit,Revenue Cycle / Billing,1,23,2026-08-03,
Fieldstone Dental Studio — Core embed,21200,2025-09-14,fieldstonedentalstudio3305.com,Core,Patient Scheduling;Records & Charting Support,1,34,,Rate
Bayview Orthodontics — Momentum embed,24109,2025-09-15,bayvieworthodontics5222.com,Momentum,Claims & AR Follow-up;Insurance Verification,1,29,2025-09-25,
Sinclair Family Dentistry Group — Momentum embed,24109,2026-11-21,sinclairfamilydentistrygroup.com,Momentum,Insurance Verification;Practice Marketing,1,29,,Client paused decision
Tarrant Dental Group — Momentum embed,29929,2025-03-15,tarrantdentalgroup94.com,Momentum,Patient Scheduling,1,36,2025-04-04,
Beacon Oral & Maxillofacial Surgery — Momentum 3 seats,52376,2026-09-20,beaconoralmaxillofacialsurge6984.com,Momentum,Recall & Reactivation;Patient Scheduling,3,21,,
Ellswood Dental Studio — Momentum 2 seats,38243,2026-06-22,ellswooddentalstudio6898.com,Momentum,Claims & AR Follow-up;Revenue Cycle / Billing,2,23,2026-07-14,
Belmont Smile Dentistry — Momentum 2 seats,49882,2026-02-20,belmontsmiledentistry.com,Momentum,Revenue Cycle / Billing;Claims & AR Follow-up,2,30,,
Maplewood Endodontic Associates — Momentum embed,29098,2025-04-11,maplewoodendodonticassociate4039.com,Momentum,Recall & Reactivation;Revenue Cycle / Billing,1,35,2025-04-21,
Beacon Surgical Arts — Summit embed,24006,2026-10-12,beaconsurgicalarts.com,Summit,Claims & AR Follow-up;Operations Leadership,1,21,,
Ellswood Oral & Maxillofacial Surgery — Core 2 seats,38658,2026-09-04,ellswoodoralmaxillofacialsur8136.com,Core,Insurance Verification,2,31,,
Beacon Dentistry — Momentum embed,14964,2025-05-05,beacondentistry1603.com,Momentum,Revenue Cycle / Billing;Claims & AR Follow-up,1,18,2025-05-22,
Lakeshore Movement Clinic — Momentum 2 seats,48219,2026-11-07,lakeshoremovementclinic7813.com,Momentum,Practice Marketing;Insurance Verification,2,29,,Specialty experience
Draycott Pediatric Dentistry — Momentum 2 seats,36580,2026-10-03,draycottpediatricdentistry9988.com,Momentum,Insurance Verification;Treatment Coordination,2,22,,
Alder Creek Children’s Dental — Core 2 seats,23694,2025-04-14,aldercreekchildrensdental4435.com,Core,Recall & Reactivation;Front Office / Patient Comms,2,19,,
Wexford Dental Care Group — Momentum embed,23278,2026-08-28,wexforddentalcaregroup6957.com,Momentum,Claims & AR Follow-up;Patient Scheduling,1,28,,
Camden Dentistry — Momentum embed,25772,2025-05-26,camdendentistry4066.com,Momentum,Insurance Verification;Practice Marketing,1,31,,
Ridgeway Dental Studio — Core embed,16212,2025-04-12,ridgewaydentalstudio.com,Core,Front Office / Patient Comms,1,26,2025-05-05,
Riverstone Orthodontic Group — Momentum 2 seats,39905,2026-08-31,riverstoneorthodonticgroup7015.com,Momentum,Revenue Cycle / Billing;Claims & AR Follow-up,2,24,,Communication style
Wynn Dental Care — Momentum embed,21615,2026-04-05,wynndentalcare8205.com,Momentum,Revenue Cycle / Billing;Claims & AR Follow-up,1,26,,
Silverbrook Family Dentistry Group — Core embed,11847,2026-10-07,silverbrookfamilydentistrygr8442.com,Core,Records & Charting Support;Patient Scheduling,1,19,,Specialty experience
Thornbury Dentistry — Core embed,13717,2026-08-18,thornburydentistry1528.com,Core,Recall & Reactivation;Front Office / Patient Comms,1,22,,
Cedar Point Smile Dentistry — Momentum embed,19953,2026-09-25,cedarpointsmiledentistry192.com,Momentum,Insurance Verification;Practice Marketing,1,24,,Communication style
Silverbrook Oral Health Partners — Momentum embed,19953,2026-11-14,silverbrookoralhealthpartner7871.com,Momentum,Insurance Verification;Treatment Coordination,1,24,,
Prescott Family Dentistry Group — Core embed,11847,2025-05-01,prescottfamilydentistrygroup8791.com,Core,Records & Charting Support;Patient Scheduling,1,19,2025-05-08,
Oakhurst Smile Partners — Momentum embed,26604,2025-08-20,oakhurstsmilepartners.com,Momentum,Revenue Cycle / Billing;Patient Scheduling,1,32,,Practice software gap
Pinehurst Dental Care Group — Momentum 2 seats,51544,2026-07-07,pinehurstdentalcaregroup1318.com,Momentum,Practice Marketing;Patient Scheduling,2,31,2026-07-17,
Northline Braces & Aligners — Core embed,18082,2026-08-14,northlinebracesaligners9256.com,Core,Records & Charting Support,1,29,,
Meridian Dental Care — Summit embed,27435,2026-12-04,meridiandentalcare4502.com,Summit,Revenue Cycle / Billing;Office Management,1,24,,Rate
Pinehurst Children’s Dental — Core 2 seats,31176,2026-08-26,pinehurstchildrensdental.com,Core,Recall & Reactivation,2,25,,
Meridian Dental Care — Momentum embed,25772,2025-10-23,meridiandentalcare4730.com,Momentum,Patient Scheduling;Revenue Cycle / Billing,1,31,2025-11-09,
Windsor Braces & Aligners — Momentum embed,17459,2025-01-29,windsorbracesaligners817.com,Momentum,Insurance Verification;Recall & Reactivation,1,21,2025-02-21,
Clearwater Surgical Arts — Momentum embed,14964,2026-11-02,clearwatersurgicalarts4153.com,Momentum,Claims & AR Follow-up;Revenue Cycle / Billing,1,18,,
Meridian Orthodontic Group — Momentum embed,29098,2026-04-20,meridianorthodonticgroup3680.com,Momentum,Revenue Cycle / Billing;Treatment Coordination,1,35,2026-05-18,
Fieldstone Dentistry — Momentum embed,26604,2025-09-21,fieldstonedentistry4331.com,Momentum,Revenue Cycle / Billing;Recall & Reactivation,1,32,,Communication style
Draycott Dental Care Group — Momentum embed,31592,2026-09-13,draycottdentalcaregroup9784.com,Momentum,Revenue Cycle / Billing;Practice Marketing,1,38,,Specialty experience
Glenwood Physical Therapy — Momentum embed,22447,2025-04-04,glenwoodphysicaltherapy5618.com,Momentum,Practice Marketing;Recall & Reactivation,1,27,2025-04-30,
Meridian Braces & Aligners — Summit 3 seats,102881,2026-08-30,meridianbracesaligners6291.com,Summit,Office Management,3,30,,Client paused decision
Belmont Orthodontic Specialists — Core 3 seats,54246,2025-10-16,belmontorthodonticspecialist6973.com,Core,Patient Scheduling,3,29,2025-11-04,
Everly Dentistry — Momentum embed,15796,2026-10-11,everlydentistry947.com,Momentum,Treatment Coordination,1,19,,Coverage hours mismatch
Thornbury Orthodontic Specialists — Momentum 2 seats,29929,2025-01-06,thornburyorthodonticspeciali152.com,Momentum,Patient Scheduling;Insurance Verification,2,18,2025-01-14,
Redwood Oral & Maxillofacial Surgery — Core 2 seats,46140,2026-11-10,redwoodoralmaxillofacialsurg3538.com,Core,Front Office / Patient Comms;Records & Charting Support,2,37,,
Cedar Point Smile Dentistry — Momentum embed,24941,2025-01-22,cedarpointsmiledentistry6254.com,Momentum,Recall & Reactivation;Insurance Verification,1,30,2025-02-14,
Fieldstone Family Dental — Summit embed,30864,2026-08-15,fieldstonefamilydental9735.com,Summit,Office Management,1,27,,Rate
Oakhurst Family Dentistry Group — Momentum embed,28266,2025-02-03,oakhurstfamilydentistrygroup2455.com,Momentum,Treatment Coordination;Recall & Reactivation,1,34,,
Ashford Root Canal Specialists — Summit embed,20576,2026-11-19,ashfordrootcanalspecialists8252.com,Summit,Revenue Cycle / Billing,1,18,,
Ashford Dental Partners — Summit embed,32007,2025-11-12,ashforddentalpartners9543.com,Summit,Office Management,1,28,2025-11-29,
Beacon Dental Associates — Summit embed,27435,2026-08-26,beacondentalassociates5163.com,Summit,Revenue Cycle / Billing;Office Management,1,24,,
Pinehurst Dental Studio — Momentum embed,23278,2026-10-17,pinehurstdentalstudio7170.com,Momentum,Revenue Cycle / Billing;Treatment Coordination,1,28,,
Stonebridge Oral Health Partners — Core 3 seats,61728,2025-05-12,stonebridgeoralhealthpartner.com,Core,Patient Scheduling;Records & Charting Support,3,33,,Communication style
Beacon Smile Partners — Core embed,16212,2025-06-15,beaconsmilepartners1919.com,Core,Records & Charting Support;Patient Scheduling,1,26,2025-06-29,
Hollis Dental Alliance — Momentum embed,21615,2025-02-17,hollisdentalalliance1560.com,Momentum,Practice Marketing;Patient Scheduling,1,26,2025-02-27,
Fieldstone Dental Group — Summit embed,29721,2026-01-01,fieldstonedentalgroup9242.com,Summit,Claims & AR Follow-up,1,26,2026-01-26,
Stonebridge Oral Surgery Associates — Summit embed,33150,2026-09-04,stonebridgeoralsurgeryassoci7224.com,Summit,Operations Leadership;Revenue Cycle / Billing,1,29,,Communication style
Fairmont Dental Care Group — Core embed,16835,2026-06-23,fairmontdentalcaregroup.com,Core,Insurance Verification,1,27,2026-07-18,
Thornbury Dental Associates — Core embed,17459,2025-07-05,thornburydentalassociates1713.com,Core,Front Office / Patient Comms;Insurance Verification,1,28,,Practice software gap
Pinehurst Dental Group — Core embed,16835,2026-11-01,pinehurstdentalgroup2273.com,Core,Insurance Verification,1,27,,
Prescott Dental Studio — Core embed,20576,2026-10-01,prescottdentalstudio2432.com,Core,Insurance Verification;Recall & Reactivation,1,33,,
Fieldstone Kids Dental Care — Momentum embed,22447,2026-11-20,fieldstonekidsdentalcare7485.com,Momentum,Treatment Coordination;Recall & Reactivation,1,27,,
Cedar Point Family Dental — Momentum 2 seats,49882,2025-09-27,cedarpointfamilydental4976.com,Momentum,Practice Marketing,2,30,2025-10-12,
Windsor Root Canal Specialists — Core embed,18082,2026-10-21,windsorrootcanalspecialists.com,Core,Front Office / Patient Comms;Records & Charting Support,1,29,,
Bramwell Specialty Care Partners — Summit 2 seats,70873,2026-11-29,bramwellspecialtycarepartner5838.com,Summit,Operations Leadership;Claims & AR Follow-up,2,31,,Rate
Sinclair Children’s Dental — Core embed,14341,2026-10-10,sinclairchildrensdental8612.com,Core,Recall & Reactivation;Patient Scheduling,1,23,,
Belmont Dental Studio — Summit embed,41152,2025-08-01,belmontdentalstudio.com,Summit,Operations Leadership;Office Management,1,36,,Specialty experience
Ashford Dental Collective — Momentum embed,29929,2026-08-31,ashforddentalcollective9087.com,Momentum,Recall & Reactivation;Revenue Cycle / Billing,1,36,,Communication style
Hollis Root Canal Specialists — Momentum embed,24941,2026-10-07,hollisrootcanalspecialists4382.com,Momentum,Recall & Reactivation;Revenue Cycle / Billing,1,30,,
Beacon Dental Care Group — Momentum embed,25772,2026-08-21,beacondentalcaregroup4303.com,Momentum,Patient Scheduling;Claims & AR Follow-up,1,31,,
Foxfield Smile Partners — Core embed,22447,2025-03-18,foxfieldsmilepartners6929.com,Core,Insurance Verification,1,36,,
Draycott Dental Alliance — Momentum embed,15796,2026-11-10,draycottdentalalliance2603.com,Momentum,Revenue Cycle / Billing;Patient Scheduling,1,19,,
Tarrant Movement Clinic — Momentum embed,26604,2026-09-16,tarrantmovementclinic.com,Momentum,Practice Marketing;Recall & Reactivation,1,32,,Coverage hours mismatch
Windsor Root Canal Specialists — Momentum embed,22447,2025-08-08,windsorrootcanalspecialists8988.com,Momentum,Claims & AR Follow-up;Revenue Cycle / Billing,1,27,2025-08-15,
Hollis Orthodontic Specialists — Core 2 seats,32423,2026-11-24,hollisorthodonticspecialists5335.com,Core,Insurance Verification;Front Office / Patient Comms,2,26,,
Bramwell Dental Group — Momentum embed,24109,2026-10-23,bramwelldentalgroup9673.com,Momentum,Patient Scheduling;Insurance Verification,1,29,,
Alder Creek Dental Studio — Core embed,18082,2026-08-15,aldercreekdentalstudio.com,Core,Recall & Reactivation;Records & Charting Support,1,29,,
Sinclair Dental Partners — Core 2 seats,32423,2026-10-10,sinclairdentalpartners4601.com,Core,Insurance Verification,2,26,,
Bayview Dental Studio — Momentum embed,14133,2025-02-12,bayviewdentalstudio8460.com,Momentum,Recall & Reactivation;Insurance Verification,1,17,2025-02-22,
Kingsley Dental Group — Core embed,19329,2025-09-23,kingsleydentalgroup6871.com,Core,Recall & Reactivation;Front Office / Patient Comms,1,31,,
Meridian Smile Dentistry — Momentum embed,17459,2025-12-18,meridiansmiledentistry550.com,Momentum,Patient Scheduling;Claims & AR Follow-up,1,21,2026-01-10,
Ashford Braces & Aligners — Core 2 seats,37411,2026-09-03,ashfordbracesaligners2115.com,Core,Records & Charting Support;Recall & Reactivation,2,30,,
Clearwater Orthodontic Group — Core embed,16212,2026-05-07,clearwaterorthodonticgroup2772.com,Core,Recall & Reactivation;Records & Charting Support,1,26,2026-06-03,
Pinehurst Orthodontic Group — Summit embed,37723,2025-02-18,pinehurstorthodonticgroup.com,Summit,Claims & AR Follow-up;Office Management,1,33,2025-03-12,
Kingsley Orthodontics — Momentum embed,17459,2026-10-05,kingsleyorthodontics2971.com,Momentum,Claims & AR Follow-up;Patient Scheduling,1,21,,
Hollis Children’s Dental — Summit embed,41152,2025-09-16,hollischildrensdental7689.com,Summit,Claims & AR Follow-up;Office Management,1,36,2025-09-25,
Hollis Children’s Dental — Momentum embed,24941,2026-10-24,hollischildrensdental7689.com,Momentum,Patient Scheduling;Claims & AR Follow-up,1,30,,
Granville Dental Care Group — Core embed,18706,2026-09-24,granvilledentalcaregroup8681.com,Core,Front Office / Patient Comms;Records & Charting Support,1,30,,Practice software gap
Thornbury Braces & Aligners — Core embed,20576,2026-08-31,thornburybracesaligners480.com,Core,Recall & Reactivation;Front Office / Patient Comms,1,33,,
Everly Dentistry — Momentum embed,20784,2025-01-06,everlydentistry.com,Momentum,Patient Scheduling,1,25,2025-01-22,
Belmont Dental Alliance — Core embed,21200,2025-09-02,belmontdentalalliance.com,Core,Insurance Verification;Recall & Reactivation,1,34,2025-09-22,
Oakhurst Family Dental — Momentum embed,23278,2026-06-15,oakhurstfamilydental7718.com,Momentum,Insurance Verification;Practice Marketing,1,28,2026-06-30,
Summit Ridge Orthodontic Specialists — Momentum embed,24109,2026-09-27,summitridgeorthodonticspecia.com,Momentum,Recall & Reactivation;Claims & AR Follow-up,1,29,,Client paused decision
Ridgeway Dental Care — Summit embed,27435,2024-12-29,ridgewaydentalcare3917.com,Summit,Operations Leadership;Claims & AR Follow-up,1,24,,
Ridgeway Dental Associates — Momentum embed,20784,2026-08-23,ridgewaydentalassociates635.com,Momentum,Claims & AR Follow-up;Revenue Cycle / Billing,1,25,,Rate
Nortonville Dental Studio — Core embed,14964,2026-11-02,nortonvilledentalstudio5078.com,Core,Records & Charting Support;Insurance Verification,1,24,,
Stonebridge Smile Dentistry — Core embed,20576,2026-09-11,stonebridgesmiledentistry329.com,Core,Front Office / Patient Comms;Records & Charting Support,1,33,,
Ashford Root Canal Specialists — Momentum 2 seats,44893,2025-06-25,ashfordrootcanalspecialists.com,Momentum,Revenue Cycle / Billing;Patient Scheduling,2,27,2025-07-20,
Cedar Point Dental Care — Momentum embed,25772,2026-10-03,cedarpointdentalcare7873.com,Momentum,Claims & AR Follow-up;Revenue Cycle / Billing,1,31,,Specialty experience
Tarrant Dental Group — Momentum embed,23278,2026-08-19,tarrantdentalgroup94.com,Momentum,Practice Marketing;Patient Scheduling,1,28,,Rate
Wynn Braces & Aligners — Summit embed,27435,2026-11-02,wynnbracesaligners.com,Summit,Revenue Cycle / Billing;Office Management,1,24,,
Bayview Dentistry — Momentum 3 seats,77316,2025-01-27,bayviewdentistry613.com,Momentum,Revenue Cycle / Billing;Treatment Coordination,3,31,,
Lockhart Dental Collective — Momentum embed,19953,2025-10-07,lockhartdentalcollective6592.com,Momentum,Treatment Coordination;Practice Marketing,1,24,2025-10-14,
Bramwell Family Dental — Momentum embed,27435,2026-10-20,bramwellfamilydental1730.com,Momentum,Insurance Verification,1,33,,
Cavendish Orthodontic Group — Summit embed,24006,2025-03-26,cavendishorthodonticgroup.com,Summit,Revenue Cycle / Billing;Operations Leadership,1,21,,Communication style
Kingsley Family Dental — Summit embed,30864,2026-08-15,kingsleyfamilydental4375.com,Summit,Revenue Cycle / Billing,1,27,,Practice software gap
Prescott Family Dental — Summit embed,36580,2026-07-22,prescottfamilydental8784.com,Summit,Office Management,1,32,2026-08-02,
Cavendish Dental Associates — Core 3 seats,69211,2026-08-19,cavendishdentalassociates3643.com,Core,Recall & Reactivation;Records & Charting Support,3,37,,
Ridgeway Periodontal Specialists — Core embed,14964,2026-10-18,ridgewayperiodontalspecialis.com,Core,Recall & Reactivation;Patient Scheduling,1,24,,
Highpoint Dentistry — Momentum embed,22447,2026-03-24,highpointdentistry9701.com,Momentum,Patient Scheduling;Practice Marketing,1,27,,
Glenwood Family Dental — Summit embed,24006,2026-10-13,glenwoodfamilydental5525.com,Summit,Revenue Cycle / Billing;Operations Leadership,1,21,,
Beacon Children’s Dental — Momentum embed,25772,2026-08-26,beaconchildrensdental6234.com,Momentum,Practice Marketing;Claims & AR Follow-up,1,31,,
Highpoint Family Dentistry Group — Momentum embed,20784,2026-09-08,highpointfamilydentistrygrou5250.com,Momentum,Patient Scheduling;Treatment Coordination,1,25,,
Cavendish Family Dental — Core embed,19329,2026-09-15,cavendishfamilydental3068.com,Core,Patient Scheduling,1,31,,Specialty experience
Nortonville Smile Dentistry — Momentum 2 seats,44893,2026-11-01,nortonvillesmiledentistry6074.com,Momentum,Revenue Cycle / Billing;Insurance Verification,2,27,,Client paused decision
Thornbury Dental Alliance — Core embed,20576,2025-07-27,thornburydentalalliance6966.com,Core,Front Office / Patient Comms,1,33,,
Nortonville Endodontic Associates — Summit embed,29721,2025-08-02,nortonvilleendodonticassocia.com,Summit,Revenue Cycle / Billing,1,26,,
Wexford Dental Care Group — Core embed,18706,2026-07-28,wexforddentalcaregroup7374.com,Core,Patient Scheduling,1,30,2026-08-17,
Lakeshore Rehab Associates — Momentum 2 seats,59858,2025-01-24,lakeshorerehabassociates.com,Momentum,Practice Marketing;Insurance Verification,2,36,,
Silverbrook Dentistry — Momentum embed,26604,2026-11-21,silverbrookdentistry2457.com,Momentum,Recall & Reactivation,1,32,,Specialty experience
Hollis Dental Group — Momentum embed,21615,2026-01-15,hollisdentalgroup6047.com,Momentum,Treatment Coordination;Practice Marketing,1,26,2026-02-03,
Westgate Children’s Dental — Momentum embed,23278,2026-08-17,westgatechildrensdental.com,Momentum,Practice Marketing;Patient Scheduling,1,28,,
Fieldstone Dental Care — Summit embed,28578,2025-10-04,fieldstonedentalcare.com,Summit,Revenue Cycle / Billing;Office Management,1,25,2025-11-01,
Granville Dental Collective — Core embed,17459,2026-11-03,granvilledentalcollective2693.com,Core,Patient Scheduling;Front Office / Patient Comms,1,28,,
Windsor Braces & Aligners — Core embed,17459,2026-08-26,windsorbracesaligners4349.com,Core,Insurance Verification;Front Office / Patient Comms,1,28,,
Northline Dental Studio — Summit embed,37723,2025-05-02,northlinedentalstudio1985.com,Summit,Claims & AR Follow-up;Revenue Cycle / Billing,1,33,2025-05-13,
Highpoint Dental Studio — Momentum embed,30760,2026-10-14,highpointdentalstudio.com,Momentum,Claims & AR Follow-up;Practice Marketing,1,37,,
Glenwood Root Canal Specialists — Momentum 2 seats,53207,2025-07-10,glenwoodrootcanalspecialists1891.com,Momentum,Insurance Verification;Treatment Coordination,2,32,2025-07-26,
Ridgeway Root Canal Specialists — Momentum embed,20784,2026-10-28,ridgewayrootcanalspecialists.com,Momentum,Treatment Coordination;Practice Marketing,1,25,,
Alder Creek Children’s Dental — Core embed,21200,2026-12-02,aldercreekchildrensdental3981.com,Core,Front Office / Patient Comms;Patient Scheduling,1,34,,
Fairmont Dental Care — Core embed,11847,2025-07-15,fairmontdentalcare1510.com,Core,Front Office / Patient Comms;Records & Charting Support,1,19,2025-08-07,
Fairmont Dental Associates — Core 2 seats,34917,2026-07-14,fairmontdentalassociates4863.com,Core,Recall & Reactivation,2,28,2026-07-23,
Northline Periodontal Specialists — Momentum embed,18290,2025-07-01,northlineperiodontalspeciali8237.com,Momentum,Patient Scheduling;Claims & AR Follow-up,1,22,,
Redwood Oral Health Partners — Momentum embed,24941,2026-10-08,redwoodoralhealthpartners1822.com,Momentum,Revenue Cycle / Billing;Treatment Coordination,1,30,,Specialty experience
Tarrant Surgical Arts — Momentum embed,25772,2026-08-30,tarrantsurgicalarts.com,Momentum,Practice Marketing;Insurance Verification,1,31,,
Northline Dental Studio — Momentum embed,21615,2026-09-28,northlinedentalstudio2310.com,Momentum,Treatment Coordination;Recall & Reactivation,1,26,,
Harbour Dentistry — Momentum embed,21615,2026-11-09,harbourdentistry7891.com,Momentum,Treatment Coordination;Practice Marketing,1,26,,
Wynn Dentistry — Momentum embed,28266,2026-09-27,wynndentistry.com,Momentum,Treatment Coordination;Recall & Reactivation,1,34,,Communication style
Thornbury Sports Rehab — Core embed,11223,2026-11-05,thornburysportsrehab.com,Core,Records & Charting Support;Front Office / Patient Comms,1,18,,
Granville Dermatology Group — Core embed,21823,2025-07-22,granvilledermatologygroup.com,Core,Records & Charting Support;Recall & Reactivation,1,35,2025-07-31,
Granville Smile Partners — Core embed,13717,2026-08-28,granvillesmilepartners7416.com,Core,Front Office / Patient Comms;Records & Charting Support,1,22,,
Oakhurst Dental Partners — Core embed,16212,2026-08-26,oakhurstdentalpartners6689.com,Core,Recall & Reactivation;Front Office / Patient Comms,1,26,,
Oakhurst Dentistry — Summit embed,33150,2026-10-16,oakhurstdentistry5205.com,Summit,Revenue Cycle / Billing,1,29,,
Everly Smile Partners — Core embed,14964,2026-08-16,everlysmilepartners3623.com,Core,Front Office / Patient Comms;Recall & Reactivation,1,24,,Communication style
Thornbury Orthodontics — Momentum embed,23278,2025-10-26,thornburyorthodontics1355.com,Momentum,Practice Marketing,1,28,2025-11-13,
Nortonville Orthodontic Group — Momentum embed,27435,2026-05-15,nortonvilleorthodonticgroup.com,Momentum,Treatment Coordination,1,33,2026-06-04,
Prescott Smile Partners — Momentum embed,20784,2025-09-05,prescottsmilepartners96.com,Momentum,Revenue Cycle / Billing;Insurance Verification,1,25,,
Westgate Endodontic Associates — Core embed,22447,2026-10-06,westgateendodonticassociates5881.com,Core,Recall & Reactivation;Patient Scheduling,1,36,,Specialty experience
Everly Oral & Maxillofacial Surgery — Momentum 2 seats,56532,2026-11-13,everlyoralmaxillofacialsurge.com,Momentum,Practice Marketing;Recall & Reactivation,2,34,,Client paused decision
Northline Dental Group — Summit embed,32007,2026-12-06,northlinedentalgroup4548.com,Summit,Revenue Cycle / Billing,1,28,,Coverage hours mismatch
Westgate Oral & Maxillofacial Surgery — Core 2 seats,33670,2026-03-17,westgateoralmaxillofacialsur.com,Core,Insurance Verification,2,27,2026-04-06,
Foxfield Dental Collective — Momentum embed,17459,2026-11-10,foxfielddentalcollective.com,Momentum,Patient Scheduling;Claims & AR Follow-up,1,21,,
Pinehurst Dental Care — Momentum embed,20784,2026-10-10,pinehurstdentalcare8171.com,Momentum,Revenue Cycle / Billing;Claims & AR Follow-up,1,25,,
Maplewood Dental Care — Momentum embed,24109,2026-07-04,maplewooddentalcare7104.com,Momentum,Claims & AR Follow-up;Practice Marketing,1,29,2026-07-26,
Highpoint Smile Partners — Momentum embed,24941,2026-11-14,highpointsmilepartners5821.com,Momentum,Patient Scheduling;Practice Marketing,1,30,,
Meridian Sports Rehab — Core embed,18706,2026-08-13,meridiansportsrehab.com,Core,Insurance Verification;Front Office / Patient Comms,1,30,,Client paused decision
Silverbrook Dental Group — Core 2 seats,36164,2026-09-06,silverbrookdentalgroup.com,Core,Records & Charting Support,2,29,,Client paused decision
Hollis Dental Group — Core embed,22447,2026-09-09,hollisdentalgroup7975.com,Core,Front Office / Patient Comms,1,36,,
Foxfield Dental Associates — Core embed,16212,2025-04-29,foxfielddentalassociates.com,Core,Patient Scheduling;Recall & Reactivation,1,26,2025-05-12,
Harbour Dental Associates — Core embed,14964,2026-10-10,harbourdentalassociates1143.com,Core,Records & Charting Support;Insurance Verification,1,24,,
Bramwell Kids Dental Care — Momentum 2 seats,41568,2025-03-09,bramwellkidsdentalcare.com,Momentum,Patient Scheduling,2,25,2025-03-24,
Tarrant Dental Care — Core 2 seats,36164,2026-11-16,tarrantdentalcare.com,Core,Records & Charting Support;Recall & Reactivation,2,29,,Rate
Thornbury Physical Therapy — Momentum embed,26604,2025-09-04,thornburyphysicaltherapy.com,Momentum,Insurance Verification;Patient Scheduling,1,32,2025-09-18,
Oakhurst Dental Collective — Core embed,17459,2026-10-03,oakhurstdentalcollective.com,Core,Patient Scheduling;Recall & Reactivation,1,28,,Rate
Wynn Dental Group — Core 2 seats,36164,2026-11-13,wynndentalgroup6067.com,Core,Patient Scheduling,2,29,,
Ridgeway Dental Group — Core embed,17459,2025-06-21,ridgewaydentalgroup9328.com,Core,Patient Scheduling,1,28,2025-07-08,
Belmont Family Dental — Momentum 2 seats,63183,2025-01-24,belmontfamilydental6731.com,Momentum,Recall & Reactivation;Revenue Cycle / Billing,2,38,2025-02-21,
Fairmont Smile Dentistry — Momentum 2 seats,43231,2026-09-15,fairmontsmiledentistry3306.com,Momentum,Recall & Reactivation;Claims & AR Follow-up,2,26,,Specialty experience
Fairmont Oral & Maxillofacial Surgery — Momentum 2 seats,43231,2025-10-25,fairmontoralmaxillofacialsur.com,Momentum,Practice Marketing,2,26,2025-11-18,
Wexford Dental Care — Core embed,20576,2026-11-28,wexforddentalcare2093.com,Core,Front Office / Patient Comms,1,33,,
Everly Family Dentistry Group — Momentum embed,22447,2025-02-20,everlyfamilydentistrygroup2907.com,Momentum,Treatment Coordination;Revenue Cycle / Billing,1,27,2025-03-19,
Fairmont Dentistry — Momentum embed,23278,2024-12-28,fairmontdentistry5040.com,Momentum,Practice Marketing;Claims & AR Follow-up,1,28,2025-01-25,
Fairmont Family Dental — Momentum embed,14964,2026-10-28,fairmontfamilydental1908.com,Momentum,Patient Scheduling;Claims & AR Follow-up,1,18,,
Fairmont Dentistry — Momentum embed,18290,2026-09-02,fairmontdentistry1711.com,Momentum,Patient Scheduling;Insurance Verification,1,22,,
Belmont Rehab Associates — Summit embed,21719,2026-09-02,belmontrehabassociates4946.com,Summit,Operations Leadership;Office Management,1,19,,
Fieldstone Family Dentistry Group — Momentum embed,23278,2026-10-01,fieldstonefamilydentistrygro8903.com,Momentum,Treatment Coordination;Recall & Reactivation,1,28,,Specialty experience
Prescott Smile Dentistry — Momentum embed,19121,2026-09-02,prescottsmiledentistry.com,Momentum,Insurance Verification,1,23,,
Wynn Dentistry — Core embed,15588,2025-02-12,wynndentistry4148.com,Core,Front Office / Patient Comms;Patient Scheduling,1,25,2025-03-05,
Alder Creek Dentistry — Core embed,22447,2026-11-17,aldercreekdentistry9019.com,Core,Insurance Verification;Recall & Reactivation,1,36,,
Granville Pediatric Dentistry — Momentum 2 seats,39905,2026-02-13,granvillepediatricdentistry.com,Momentum,Recall & Reactivation;Revenue Cycle / Billing,2,24,,Specialty experience
Tarrant Dental Partners — Core embed,23070,2025-11-20,tarrantdentalpartners8785.com,Core,Front Office / Patient Comms,1,37,2025-12-12,
Kingsley Smile Partners — Momentum embed,17459,2025-08-10,kingsleysmilepartners1735.com,Momentum,Patient Scheduling;Recall & Reactivation,1,21,2025-08-19,
Nortonville Dental Studio — Core embed,15588,2025-10-25,nortonvilledentalstudio.com,Core,Patient Scheduling,1,25,2025-11-16,
Foxfield Dental Studio — Momentum embed,14964,2026-08-25,foxfielddentalstudio6232.com,Momentum,Treatment Coordination;Practice Marketing,1,18,,
Clearwater Dentistry — Momentum embed,19121,2025-12-30,clearwaterdentistry.com,Momentum,Patient Scheduling;Claims & AR Follow-up,1,23,,Rate
Pinehurst Dental Alliance — Momentum embed,18290,2026-06-23,pinehurstdentalalliance283.com,Momentum,Revenue Cycle / Billing;Insurance Verification,1,22,2026-07-17,
Cedar Point Dental Partners — Summit embed,25149,2025-01-18,cedarpointdentalpartners206.com,Summit,Operations Leadership;Revenue Cycle / Billing,1,22,2025-02-06,
Clearwater Movement Clinic — Momentum embed,28266,2026-11-28,clearwatermovementclinic6147.com,Momentum,Revenue Cycle / Billing,1,34,,
Redwood Orthodontics — Core embed,11223,2025-11-30,redwoodorthodontics8806.com,Core,Records & Charting Support;Patient Scheduling,1,18,,Rate
Cedar Point Dental Care — Momentum embed,17459,2025-12-06,cedarpointdentalcare886.com,Momentum,Revenue Cycle / Billing;Patient Scheduling,1,21,,Client paused decision
Granville Oral Health Partners — Core embed,20576,2025-06-12,granvilleoralhealthpartners3265.com,Core,Patient Scheduling;Front Office / Patient Comms,1,33,,
Oakhurst Dental Studio — Momentum embed,22447,2026-02-25,oakhurstdentalstudio.com,Momentum,Practice Marketing;Treatment Coordination,1,27,2026-03-11,
Stonebridge Family Dentistry Group — Core embed,18706,2026-10-20,stonebridgefamilydentistrygr6864.com,Core,Records & Charting Support,1,30,,Specialty experience
Clearwater Family Dentistry Group — Momentum 2 seats,59858,2026-06-14,clearwaterfamilydentistrygro3362.com,Momentum,Treatment Coordination,2,36,2026-07-05,
Wynn Dental Collective — Momentum embed,25772,2026-09-29,wynndentalcollective8819.com,Momentum,Revenue Cycle / Billing;Claims & AR Follow-up,1,31,,
Northline Dental Studio — Momentum embed,15796,2026-03-08,northlinedentalstudio4059.com,Momentum,Practice Marketing;Insurance Verification,1,19,2026-03-27,
Lockhart Family Dental — Momentum embed,24109,2026-09-27,lockhartfamilydental.com,Momentum,Insurance Verification;Revenue Cycle / Billing,1,29,,
Pinehurst Movement Clinic — Core embed,13717,2026-12-07,pinehurstmovementclinic3131.com,Core,Insurance Verification;Recall & Reactivation,1,22,,
Belmont Children’s Dental — Core embed,13094,2026-07-02,belmontchildrensdental9478.com,Core,Patient Scheduling;Front Office / Patient Comms,1,21,2026-07-12,
Ashford Dental Associates — Core embed,14341,2026-10-28,ashforddentalassociates4958.com,Core,Patient Scheduling;Insurance Verification,1,23,,
Wynn Surgical Arts — Momentum 2 seats,36580,2026-09-28,wynnsurgicalarts.com,Momentum,Claims & AR Follow-up;Patient Scheduling,2,22,,Specialty experience
Meridian Dental Group — Summit embed,19433,2026-09-12,meridiandentalgroup1422.com,Summit,Operations Leadership,1,17,,
Meridian Dental Care Group — Summit embed,34294,2026-11-21,meridiandentalcaregroup1378.com,Summit,Office Management;Claims & AR Follow-up,1,30,,
Lockhart Oral Health Partners — Momentum 2 seats,44893,2026-10-11,lockhartoralhealthpartners7594.com,Momentum,Insurance Verification;Claims & AR Follow-up,2,27,,
Westgate Orthodontics — Momentum embed,19953,2026-01-24,westgateorthodontics.com,Momentum,Claims & AR Follow-up;Revenue Cycle / Billing,1,24,2026-02-13,
Fairmont Surgical Arts — Core embed,21823,2026-06-19,fairmontsurgicalarts6051.com,Core,Records & Charting Support;Insurance Verification,1,35,2026-07-08,
Cavendish Smile Dentistry — Core embed,19329,2026-03-07,cavendishsmiledentistry6142.com,Core,Insurance Verification;Patient Scheduling,1,31,2026-03-15,
Ridgeway Dental Studio — Summit embed,26292,2026-04-07,ridgewaydentalstudio2337.com,Summit,Claims & AR Follow-up,1,23,,
Granville Dental Group — Momentum embed,24941,2026-10-09,granvilledentalgroup7550.com,Momentum,Patient Scheduling;Treatment Coordination,1,30,,
Wexford Dental Studio — Momentum embed,24109,2025-02-11,wexforddentalstudio460.com,Momentum,Recall & Reactivation;Patient Scheduling,1,29,2025-02-22,
Cavendish Dental Care Group — Momentum embed,19953,2025-07-04,cavendishdentalcaregroup1948.com,Momentum,Recall & Reactivation;Patient Scheduling,1,24,,Practice software gap
Everly Children’s Dental — Momentum embed,27435,2026-10-09,everlychildrensdental2335.com,Momentum,Patient Scheduling;Treatment Coordination,1,33,,
Granville Braces & Aligners — Momentum embed,24109,2026-10-29,granvillebracesaligners2742.com,Momentum,Treatment Coordination;Patient Scheduling,1,29,,
Westgate Dental Care — Core embed,11223,2025-03-23,westgatedentalcare713.com,Core,Patient Scheduling;Insurance Verification,1,18,2025-04-07,
Ellswood Dental Group — Momentum embed,21615,2026-06-21,ellswooddentalgroup3194.com,Momentum,Patient Scheduling,1,26,2026-06-28,
Tarrant Oral & Maxillofacial Surgery — Momentum embed,18290,2026-02-02,tarrantoralmaxillofacialsurg.com,Momentum,Patient Scheduling;Recall & Reactivation,1,22,2026-03-01,
Cedar Point Dental Partners — Momentum embed,32423,2026-11-27,cedarpointdentalpartners806.com,Momentum,Treatment Coordination;Insurance Verification,1,39,,
Wynn Dental Group — Momentum embed,24109,2026-05-15,wynndentalgroup3770.com,Momentum,Insurance Verification;Practice Marketing,1,29,,Rate
Oakhurst Dental Associates — Momentum embed,27435,2026-05-27,oakhurstdentalassociates5216.com,Momentum,Treatment Coordination,1,33,2026-06-10,
Sinclair Family Dental — Momentum embed,24941,2025-01-31,sinclairfamilydental.com,Momentum,Patient Scheduling,1,30,,
Westgate Smile Dentistry — Momentum embed,25772,2025-04-14,westgatesmiledentistry4884.com,Momentum,Revenue Cycle / Billing,1,31,2025-05-05,
Foxfield Dental Associates — Momentum embed,22447,2026-11-06,foxfielddentalassociates6491.com,Momentum,Claims & AR Follow-up;Recall & Reactivation,1,27,,
Windsor Dental Collective — Core embed,12470,2026-09-19,windsordentalcollective9709.com,Core,Recall & Reactivation,1,20,,
Alder Creek Family Dental — Momentum embed,22447,2026-10-28,aldercreekfamilydental.com,Momentum,Recall & Reactivation;Patient Scheduling,1,27,,
Lakeshore Surgical Arts — Momentum embed,16627,2026-11-07,lakeshoresurgicalarts4737.com,Momentum,Insurance Verification;Practice Marketing,1,20,,
Northline Dental Studio — Momentum embed,22447,2026-02-06,northlinedentalstudio.com,Momentum,Patient Scheduling;Recall & Reactivation,1,27,,
Hollis Dentistry — Summit embed,37723,2026-06-29,hollisdentistry3629.com,Summit,Office Management;Claims & AR Follow-up,1,33,2026-07-11,
Pinehurst Dental Care — Momentum 2 seats,48219,2026-08-26,pinehurstdentalcare3683.com,Momentum,Insurance Verification,2,29,,Specialty experience
Thornbury Oral Surgery Associates — Momentum embed,19953,2025-04-06,thornburyoralsurgeryassociat.com,Momentum,Patient Scheduling;Revenue Cycle / Billing,1,24,2025-04-14,
Ridgeway Children’s Dental — Core 3 seats,54246,2025-01-30,ridgewaychildrensdental2849.com,Core,Records & Charting Support;Recall & Reactivation,3,29,2025-02-22,
Northline Smile Partners — Summit embed,27435,2025-11-02,northlinesmilepartners.com,Summit,Revenue Cycle / Billing;Claims & AR Follow-up,1,24,,
Everly Dentistry — Core 2 seats,26188,2025-07-03,everlydentistry5339.com,Core,Patient Scheduling;Records & Charting Support,2,21,2025-07-22,
Lockhart Oral Surgery Associates — Momentum embed,19953,2026-08-17,lockhartoralsurgeryassociate1679.com,Momentum,Treatment Coordination;Practice Marketing,1,24,,
Granville Smile Dentistry — Momentum embed,21615,2026-09-20,granvillesmiledentistry1757.com,Momentum,Claims & AR Follow-up;Practice Marketing,1,26,,Coverage hours mismatch
Belmont Dentistry — Momentum embed,16627,2026-09-07,belmontdentistry6019.com,Momentum,Insurance Verification;Revenue Cycle / Billing,1,20,,
Cavendish Family Dentistry Group — Core embed,11847,2026-12-03,cavendishfamilydentistrygrou4684.com,Core,Insurance Verification;Patient Scheduling,1,19,,
Ellswood Dental Alliance — Core 2 seats,26188,2024-12-22,ellswooddentalalliance.com,Core,Patient Scheduling;Insurance Verification,2,21,2025-01-08,
Alder Creek Dental Care Group — Momentum embed,20784,2026-07-11,aldercreekdentalcaregroup9168.com,Momentum,Practice Marketing;Claims & AR Follow-up,1,25,,
Everly Oral Surgery Associates — Core embed,17459,2026-10-24,everlyoralsurgeryassociates5882.com,Core,Recall & Reactivation;Records & Charting Support,1,28,,
Kingsley Specialty Care Partners — Core embed,16835,2026-09-09,kingsleyspecialtycarepartner.com,Core,Recall & Reactivation;Insurance Verification,1,27,,
Belmont Orthodontic Specialists — Momentum embed,26604,2025-10-26,belmontorthodonticspecialist.com,Momentum,Practice Marketing,1,32,2025-11-04,
Sinclair Smile Partners — Momentum 2 seats,31592,2026-10-21,sinclairsmilepartners.com,Momentum,Patient Scheduling;Claims & AR Follow-up,2,19,,
Wynn Movement Clinic — Core embed,19953,2026-09-09,wynnmovementclinic.com,Core,Recall & Reactivation,1,32,,
Tarrant Dental Care — Core embed,20576,2026-02-13,tarrantdentalcare3804.com,Core,Patient Scheduling,1,33,2026-02-25,
Clearwater Braces & Aligners — Summit embed,35437,2025-10-28,clearwaterbracesaligners.com,Summit,Operations Leadership,1,31,2025-11-13,
Beacon Braces & Aligners — Summit embed,25149,2026-11-02,beaconbracesaligners2331.com,Summit,Claims & AR Follow-up;Office Management,1,22,,
Belmont Braces & Aligners — Core 2 seats,27435,2026-10-31,belmontbracesaligners7680.com,Core,Front Office / Patient Comms,2,22,,
Westgate Pediatric Dentistry — Momentum 2 seats,41568,2026-04-26,westgatepediatricdentistry3460.com,Momentum,Patient Scheduling;Claims & AR Follow-up,2,25,2026-05-21,
Bramwell Dental Associates — Summit embed,32007,2026-08-22,bramwelldentalassociates7884.com,Summit,Operations Leadership;Office Management,1,28,,
Lakeshore Orthodontics — Core embed,21200,2025-08-11,lakeshoreorthodontics7121.com,Core,Recall & Reactivation;Patient Scheduling,1,34,,
Beacon Smile Partners — Momentum embed,26604,2025-08-03,beaconsmilepartners7117.com,Momentum,Insurance Verification,1,32,2025-08-28,
Camden Dental Care Group — Summit 2 seats,66301,2025-08-19,camdendentalcaregroup2101.com,Summit,Revenue Cycle / Billing;Operations Leadership,2,29,2025-08-31,
Cavendish Family Dentistry Group — Momentum embed,19953,2026-11-14,cavendishfamilydentistrygrou2640.com,Momentum,Insurance Verification;Treatment Coordination,1,24,,
Thornbury Physical Therapy — Momentum embed,19121,2026-11-12,thornburyphysicaltherapy.com,Momentum,Insurance Verification;Claims & AR Follow-up,1,23,,
Cavendish Family Dentistry Group — Core embed,16835,2025-04-05,cavendishfamilydentistrygrou6798.com,Core,Front Office / Patient Comms,1,27,2025-05-01,
Meridian Dental Group — Core 2 seats,33670,2025-08-04,meridiandentalgroup5858.com,Core,Insurance Verification;Patient Scheduling,2,27,,
Ellswood Oral & Maxillofacial Surgery — Core embed,19329,2025-10-01,ellswoodoralmaxillofacialsur1718.com,Core,Recall & Reactivation,1,31,2025-10-19,
Alder Creek Orthodontic Group — Core embed,19329,2025-05-08,aldercreekorthodonticgroup.com,Core,Patient Scheduling;Recall & Reactivation,1,31,2025-05-27,
Northline Dental Care — Momentum embed,23278,2026-11-17,northlinedentalcare4220.com,Momentum,Claims & AR Follow-up;Recall & Reactivation,1,28,,
Bayview Smile Partners — Momentum embed,24941,2026-01-27,bayviewsmilepartners6977.com,Momentum,Practice Marketing,1,30,,
Harbour Dental Care Group — Core embed,12470,2026-09-06,harbourdentalcaregroup5917.com,Core,Records & Charting Support;Patient Scheduling,1,20,,
Glenwood Smile Dentistry — Core embed,16835,2026-10-06,glenwoodsmiledentistry4566.com,Core,Insurance Verification;Recall & Reactivation,1,27,,Communication style
Cavendish Dental Care Group — Core embed,23070,2025-01-26,cavendishdentalcaregroup.com,Core,Insurance Verification;Patient Scheduling,1,37,,
Ashford Periodontics — Momentum 3 seats,64846,2026-03-02,ashfordperiodontics9418.com,Momentum,Revenue Cycle / Billing;Treatment Coordination,3,26,,Practice software gap
Camden Dental Studio — Momentum embed,29929,2026-09-01,camdendentalstudio9524.com,Momentum,Claims & AR Follow-up;Recall & Reactivation,1,36,,
Beacon Dental Collective — Momentum embed,14964,2026-08-20,beacondentalcollective.com,Momentum,Treatment Coordination;Patient Scheduling,1,18,,
Kingsley Oral & Maxillofacial Surgery — Momentum embed,17459,2026-09-30,kingsleyoralmaxillofacialsur5663.com,Momentum,Practice Marketing;Revenue Cycle / Billing,1,21,,
Oakhurst Sports Rehab — Core 2 seats,37411,2026-06-27,oakhurstsportsrehab9371.com,Core,Insurance Verification;Patient Scheduling,2,30,2026-07-23,
Glenwood Dental Care — Momentum embed,26604,2026-10-02,glenwooddentalcare593.com,Momentum,Recall & Reactivation;Patient Scheduling,1,32,,
Bayview Family Dentistry Group — Momentum 2 seats,61521,2026-03-16,bayviewfamilydentistrygroup5094.com,Momentum,Revenue Cycle / Billing,2,37,2026-04-03,
Draycott Dental Studio — Momentum 2 seats,38243,2025-10-23,draycottdentalstudio612.com,Momentum,Recall & Reactivation;Patient Scheduling,2,23,2025-11-02,
Kingsley Dental Care — Momentum embed,26604,2026-08-14,kingsleydentalcare.com,Momentum,Insurance Verification;Treatment Coordination,1,32,,
Granville Dental Care Group — Core 2 seats,32423,2026-06-29,granvilledentalcaregroup4346.com,Core,Insurance Verification;Front Office / Patient Comms,2,26,2026-07-13,
Clearwater Pediatric Dentistry — Momentum embed,24941,2025-04-20,clearwaterpediatricdentistry.com,Momentum,Practice Marketing;Claims & AR Follow-up,1,30,,
Sinclair Dental Partners — Momentum embed,19121,2026-11-22,sinclairdentalpartners7569.com,Momentum,Practice Marketing;Revenue Cycle / Billing,1,23,,
Maplewood Dental Partners — Core 3 seats,59858,2026-09-15,maplewooddentalpartners3439.com,Core,Patient Scheduling;Recall & Reactivation,3,32,,
Harbour Smile Dentistry — Summit 2 seats,52584,2026-09-04,harboursmiledentistry3269.com,Summit,Claims & AR Follow-up;Office Management,2,23,,
Westgate Surgical Arts — Core embed,17459,2026-10-19,westgatesurgicalarts6009.com,Core,Insurance Verification;Patient Scheduling,1,28,,Practice software gap
Lockhart Orthodontics — Momentum embed,22447,2026-09-09,lockhartorthodontics.com,Momentum,Revenue Cycle / Billing;Patient Scheduling,1,27,,
Kingsley Family Dentistry Group — Core 2 seats,41152,2026-07-06,kingsleyfamilydentistrygroup5233.com,Core,Insurance Verification,2,33,2026-07-21,
Everly Orthodontic Specialists — Momentum 2 seats,39905,2026-09-19,everlyorthodonticspecialists1172.com,Momentum,Patient Scheduling;Insurance Verification,2,24,,
Brookvale Dental Collective — Momentum embed,28266,2026-05-18,brookvaledentalcollective.com,Momentum,Practice Marketing;Insurance Verification,1,34,2026-05-31,
Alder Creek Dental Collective — Summit embed,38866,2025-03-03,aldercreekdentalcollective4865.com,Summit,Office Management;Operations Leadership,1,34,2025-03-10,
Ridgeway Oral Surgery Associates — Momentum 3 seats,64846,2026-09-24,ridgewayoralsurgeryassociate.com,Momentum,Claims & AR Follow-up;Recall & Reactivation,3,26,,Specialty experience
Ashford Orthodontics — Core embed,19329,2026-10-26,ashfordorthodontics.com,Core,Insurance Verification;Recall & Reactivation,1,31,,
Fieldstone Pediatric Dentistry — Core 2 seats,42399,2025-02-08,fieldstonepediatricdentistry.com,Core,Records & Charting Support,2,34,2025-02-19,
Clearwater Rehab Associates — Momentum embed,22447,2025-01-20,clearwaterrehabassociates3966.com,Momentum,Treatment Coordination;Insurance Verification,1,27,,
Harbour Movement Clinic — Momentum 2 seats,59858,2026-10-20,harbourmovementclinic6380.com,Momentum,Practice Marketing;Recall & Reactivation,2,36,,
Cedar Point Smile Dentistry — Summit embed,35437,2025-02-25,cedarpointsmiledentistry.com,Summit,Revenue Cycle / Billing;Operations Leadership,1,31,2025-03-20,
Fieldstone Dental Alliance — Momentum 2 seats,41568,2026-07-21,fieldstonedentalalliance9710.com,Momentum,Practice Marketing;Revenue Cycle / Billing,2,25,2026-08-15,
Draycott Sleep Medicine — Core embed,13717,2025-06-29,draycottsleepmedicine.com,Core,Insurance Verification;Front Office / Patient Comms,1,22,,Specialty experience
Thornbury Physical Therapy — Core embed,18082,2026-11-02,thornburyphysicaltherapy.com,Core,Insurance Verification;Records & Charting Support,1,29,,
Cavendish Family Dental — Summit embed,30864,2025-09-09,cavendishfamilydental4683.com,Summit,Claims & AR Follow-up,1,27,,Practice software gap
Tarrant Family Dental — Core embed,14341,2026-03-03,tarrantfamilydental3633.com,Core,Insurance Verification;Patient Scheduling,1,23,2026-03-31,
Summit Ridge Oral Health Partners — Core embed,13717,2026-11-22,summitridgeoralhealthpartner1804.com,Core,Patient Scheduling;Front Office / Patient Comms,1,22,,
Pinehurst Oral Surgery Associates — Momentum embed,23278,2026-09-12,pinehurstoralsurgeryassociat.com,Momentum,Patient Scheduling;Claims & AR Follow-up,1,28,,
Ashford Family Dentistry Group — Core embed,15588,2025-08-22,ashfordfamilydentistrygroup6117.com,Core,Insurance Verification,1,25,2025-09-04,
Granville Orthodontic Specialists — Momentum embed,23278,2025-10-13,granvilleorthodonticspeciali.com,Momentum,Practice Marketing,1,28,2025-10-28,
Granville Dental Group — Momentum embed,20784,2026-09-26,granvilledentalgroup857.com,Momentum,Practice Marketing;Claims & AR Follow-up,1,25,,
Camden Orthodontics — Momentum embed,17459,2026-08-06,camdenorthodontics8726.com,Momentum,Patient Scheduling;Recall & Reactivation,1,21,2026-08-23,
Westgate Dentistry — Core embed,21823,2025-10-12,westgatedentistry5828.com,Core,Front Office / Patient Comms;Recall & Reactivation,1,35,2025-11-08,
Bayview Periodontal Specialists — Momentum embed,24109,2026-05-08,bayviewperiodontalspecialist.com,Momentum,Practice Marketing;Claims & AR Follow-up,1,29,2026-05-22,
Foxfield Smile Dentistry — Core embed,15588,2024-12-22,foxfieldsmiledentistry7494.com,Core,Records & Charting Support;Patient Scheduling,1,25,2025-01-08,
Pinehurst Family Dentistry Group — Core embed,16835,2025-08-16,pinehurstfamilydentistrygrou.com,Core,Records & Charting Support,1,27,2025-09-05,
Fairmont Sports Rehab — Core 2 seats,29929,2025-03-02,fairmontsportsrehab.com,Core,Recall & Reactivation;Insurance Verification,2,24,,
Harbour Family Dental — Core embed,21823,2026-11-13,harbourfamilydental3783.com,Core,Patient Scheduling;Recall & Reactivation,1,35,,
Beacon Braces & Aligners — Core embed,17459,2026-11-13,beaconbracesaligners2331.com,Core,Patient Scheduling;Records & Charting Support,1,28,,
Sinclair Orthodontics — Momentum embed,15796,2026-08-28,sinclairorthodontics9825.com,Momentum,Recall & Reactivation;Revenue Cycle / Billing,1,19,,
Kingsley Dentistry — Summit embed,33150,2026-09-21,kingsleydentistry546.com,Summit,Office Management;Revenue Cycle / Billing,1,29,,
Everly Dental Studio — Momentum embed,22447,2025-05-27,everlydentalstudio5711.com,Momentum,Claims & AR Follow-up;Treatment Coordination,1,27,2025-06-16,
Everly Dental Group — Momentum embed,23278,2026-09-12,everlydentalgroup9636.com,Momentum,Practice Marketing;Recall & Reactivation,1,28,,
Bramwell Kids Dental Care — Momentum embed,28266,2025-04-12,bramwellkidsdentalcare5117.com,Momentum,Claims & AR Follow-up;Revenue Cycle / Billing,1,34,,
Bramwell Orthodontic Specialists — Momentum embed,17459,2025-04-27,bramwellorthodonticspecialis.com,Momentum,Treatment Coordination;Insurance Verification,1,21,2025-05-05,
Foxfield Dental Associates — Core embed,19953,2025-09-02,foxfielddentalassociates.com,Core,Front Office / Patient Comms,1,32,2025-09-29,
Beacon Rehab Associates — Core embed,14341,2026-11-27,beaconrehabassociates4453.com,Core,Records & Charting Support;Front Office / Patient Comms,1,23,,Communication style
Glenwood Oral Health Partners — Core embed,19953,2026-09-29,glenwoodoralhealthpartners5170.com,Core,Recall & Reactivation;Records & Charting Support,1,32,,
Redwood Family Dental — Summit 3 seats,96022,2026-10-06,redwoodfamilydental5506.com,Summit,Claims & AR Follow-up;Office Management,3,28,,
Nortonville Oral Health Partners — Momentum embed,19121,2025-03-24,nortonvilleoralhealthpartner2991.com,Momentum,Practice Marketing;Recall & Reactivation,1,23,2025-04-19,
Redwood Endodontic Associates — Core 3 seats,48635,2026-11-04,redwoodendodonticassociates2451.com,Core,Insurance Verification,3,26,,
Hollis Dental Care — Summit embed,30864,2025-03-06,hollisdentalcare.com,Summit,Office Management;Operations Leadership,1,27,2025-03-21,
Tarrant Root Canal Specialists — Momentum 2 seats,44893,2025-01-10,tarrantrootcanalspecialists8698.com,Momentum,Insurance Verification,2,27,2025-01-26,
Tarrant Braces & Aligners — Momentum embed,28266,2026-09-02,tarrantbracesaligners.com,Momentum,Claims & AR Follow-up;Practice Marketing,1,34,,Practice software gap
Prescott Smile Partners — Momentum 2 seats,56532,2026-06-18,prescottsmilepartners3710.com,Momentum,Revenue Cycle / Billing;Recall & Reactivation,2,34,,Coverage hours mismatch
Alder Creek Endodontic Associates — Core embed,21823,2026-09-05,aldercreekendodonticassociat1724.com,Core,Insurance Verification;Records & Charting Support,1,35,,
Bramwell Dental Alliance — Momentum 2 seats,28266,2025-03-30,bramwelldentalalliance5274.com,Momentum,Patient Scheduling;Recall & Reactivation,2,17,2025-04-23,
Beacon Dental Care — Core embed,15588,2026-09-18,beacondentalcare.com,Core,Records & Charting Support;Front Office / Patient Comms,1,25,,Client paused decision
Brookvale Dental Studio — Summit 2 seats,41152,2025-06-25,brookvaledentalstudio5489.com,Summit,Office Management;Operations Leadership,2,18,2025-07-19,
Clearwater Orthodontic Specialists — Core embed,16212,2026-08-12,clearwaterorthodonticspecial6018.com,Core,Records & Charting Support;Patient Scheduling,1,26,,
Harbour Family Dental — Momentum embed,26604,2026-11-26,harbourfamilydental4206.com,Momentum,Revenue Cycle / Billing;Patient Scheduling,1,32,,Client paused decision
Ellswood Orthodontics — Core 2 seats,24941,2026-03-24,ellswoodorthodontics8075.com,Core,Patient Scheduling;Recall & Reactivation,2,20,,
Sinclair Family Dentistry Group — Momentum 2 seats,36580,2025-10-07,sinclairfamilydentistrygroup.com,Momentum,Patient Scheduling;Recall & Reactivation,2,22,2025-10-18,
Clearwater Family Dental — Core embed,15588,2026-08-17,clearwaterfamilydental8540.com,Core,Records & Charting Support;Insurance Verification,1,25,,
Silverbrook Dental Partners — Core embed,24317,2026-08-13,silverbrookdentalpartners7000.com,Core,Front Office / Patient Comms;Recall & Reactivation,1,39,,
Pinehurst Smile Dentistry — Core embed,11223,2025-02-26,pinehurstsmiledentistry2637.com,Core,Records & Charting Support;Patient Scheduling,1,18,,
Tarrant Dental Care — Core embed,18706,2026-09-13,tarrantdentalcare2549.com,Core,Records & Charting Support;Front Office / Patient Comms,1,30,,
Pinehurst Dental Partners — Momentum embed,16627,2025-11-14,pinehurstdentalpartners8610.com,Momentum,Insurance Verification;Treatment Coordination,1,20,2025-11-26,
Beacon Periodontal Specialists — Core embed,20576,2026-01-08,beaconperiodontalspecialists.com,Core,Records & Charting Support;Insurance Verification,1,33,,Rate
Foxfield Dental Group — Summit embed,34294,2026-08-13,foxfielddentalgroup367.com,Summit,Claims & AR Follow-up;Operations Leadership,1,30,,
Maplewood Dental Alliance — Summit 2 seats,38866,2026-05-02,maplewooddentalalliance5247.com,Summit,Claims & AR Follow-up;Office Management,2,17,,
Fairmont Orthodontic Group — Core embed,18706,2026-09-14,fairmontorthodonticgroup7612.com,Core,Recall & Reactivation,1,30,,
Draycott Orthodontic Group — Momentum 3 seats,77316,2026-12-04,draycottorthodonticgroup2694.com,Momentum,Revenue Cycle / Billing;Insurance Verification,3,31,,
Cavendish Dental Associates — Core embed,16835,2026-02-08,cavendishdentalassociates3643.com,Core,Records & Charting Support;Front Office / Patient Comms,1,27,,
Draycott Orthodontics — Core embed,16212,2026-07-22,draycottorthodontics6646.com,Core,Insurance Verification;Front Office / Patient Comms,1,26,,Specialty experience
Thornbury Smile Dentistry — Summit embed,38866,2026-02-24,thornburysmiledentistry1695.com,Summit,Operations Leadership;Revenue Cycle / Billing,1,34,2026-03-14,
Highpoint Orthodontics — Summit embed,36580,2026-01-28,highpointorthodontics.com,Summit,Claims & AR Follow-up;Operations Leadership,1,32,2026-02-08,
Prescott Smile Dentistry — Momentum embed,21615,2025-01-15,prescottsmiledentistry3138.com,Momentum,Insurance Verification;Practice Marketing,1,26,2025-01-25,
Hollis Endodontic Associates — Core embed,21200,2026-10-30,hollisendodonticassociates1255.com,Core,Patient Scheduling,1,34,,
Camden Dental Care Group — Core embed,15588,2025-01-01,camdendentalcaregroup.com,Core,Recall & Reactivation;Front Office / Patient Comms,1,25,2025-01-19,
Glenwood Dental Alliance — Core 2 seats,42399,2025-01-18,glenwooddentalalliance2316.com,Core,Front Office / Patient Comms;Patient Scheduling,2,34,,Specialty experience
Lakeshore Dental Associates — Core embed,21200,2026-11-16,lakeshoredentalassociates.com,Core,Patient Scheduling;Recall & Reactivation,1,34,,
Silverbrook Dental Studio — Core embed,16835,2024-12-31,silverbrookdentalstudio.com,Core,Recall & Reactivation;Records & Charting Support,1,27,,Coverage hours mismatch
Stonebridge Dental Associates — Momentum embed,25772,2025-04-28,stonebridgedentalassociates485.com,Momentum,Patient Scheduling;Revenue Cycle / Billing,1,31,2025-05-24,
Belmont Family Dentistry Group — Momentum 2 seats,53207,2025-07-05,belmontfamilydentistrygroup.com,Momentum,Revenue Cycle / Billing;Patient Scheduling,2,32,2025-07-16,
Ridgeway Dental Associates — Momentum 3 seats,74822,2026-09-13,ridgewaydentalassociates5217.com,Momentum,Patient Scheduling;Claims & AR Follow-up,3,30,,Coverage hours mismatch
Ashford Dental Group — Momentum 3 seats,87293,2026-09-06,ashforddentalgroup7053.com,Momentum,Patient Scheduling;Practice Marketing,3,35,,Rate
Windsor Oral Health Partners — Core embed,18082,2025-10-22,windsororalhealthpartners1727.com,Core,Records & Charting Support;Recall & Reactivation,1,29,,Practice software gap
Camden Dental Group — Core embed,15588,2025-04-04,camdendentalgroup3682.com,Core,Records & Charting Support;Insurance Verification,1,25,2025-04-22,
Everly Orthodontics — Momentum 3 seats,69834,2025-07-08,everlyorthodontics5957.com,Momentum,Insurance Verification;Claims & AR Follow-up,3,28,2025-08-01,
Wynn Oral Health Partners — Momentum 3 seats,62352,2025-08-16,wynnoralhealthpartners495.com,Momentum,Insurance Verification;Revenue Cycle / Billing,3,25,,
Westgate Children’s Dental — Momentum 2 seats,54870,2026-11-01,westgatechildrensdental366.com,Momentum,Patient Scheduling;Practice Marketing,2,33,,
Camden Dental Studio — Core embed,13094,2026-09-30,camdendentalstudio9524.com,Core,Patient Scheduling;Front Office / Patient Comms,1,21,,
Wynn Oral Surgery Associates — Momentum embed,19953,2026-06-07,wynnoralsurgeryassociates6094.com,Momentum,Treatment Coordination,1,24,2026-06-18,
Beacon Endodontic Associates — Core 2 seats,29929,2026-01-06,beaconendodonticassociates.com,Core,Patient Scheduling,2,24,2026-01-26,
Wynn Dentistry — Momentum 3 seats,59858,2026-09-22,wynndentistry.com,Momentum,Recall & Reactivation;Claims & AR Follow-up,3,24,,
Ellswood Orthodontic Group — Momentum embed,20784,2026-06-24,ellswoodorthodonticgroup5835.com,Momentum,Practice Marketing;Revenue Cycle / Billing,1,25,2026-07-15,
Wexford Orthodontic Specialists — Momentum embed,24109,2025-09-01,wexfordorthodonticspecialist.com,Momentum,Revenue Cycle / Billing;Patient Scheduling,1,29,2025-09-24,
Westgate Orthodontic Group — Momentum embed,27435,2026-11-20,westgateorthodonticgroup5779.com,Momentum,Claims & AR Follow-up,1,33,,Specialty experience
Belmont Children’s Dental — Core embed,16212,2026-10-26,belmontchildrensdental9478.com,Core,Front Office / Patient Comms;Patient Scheduling,1,26,,
Nortonville Oral & Maxillofacial Surgery — Summit embed,36580,2026-08-24,nortonvilleoralmaxillofacial4425.com,Summit,Operations Leadership;Claims & AR Follow-up,1,32,,Practice software gap
Belmont Dental Collective — Core embed,16212,2025-06-12,belmontdentalcollective4483.com,Core,Patient Scheduling;Records & Charting Support,1,26,2025-06-19,
Silverbrook Endodontic Associates — Momentum 2 seats,48219,2025-10-21,silverbrookendodonticassocia4580.com,Momentum,Insurance Verification;Treatment Coordination,2,29,2025-11-11,
Foxfield Dental Group — Momentum 2 seats,56532,2025-01-03,foxfielddentalgroup.com,Momentum,Insurance Verification,2,34,2025-01-13,
Fairmont Smile Dentistry — Momentum embed,16627,2025-08-29,fairmontsmiledentistry1219.com,Momentum,Revenue Cycle / Billing;Patient Scheduling,1,20,,
Pinehurst Dental Studio — Summit embed,43439,2026-11-27,pinehurstdentalstudio5043.com,Summit,Revenue Cycle / Billing,1,38,,
Hollis Family Dental — Momentum 2 seats,33254,2026-04-19,hollisfamilydental.com,Momentum,Treatment Coordination,2,20,2026-05-01,
Lockhart Dental Care Group — Momentum embed,16627,2026-11-03,lockhartdentalcaregroup2114.com,Momentum,Recall & Reactivation;Patient Scheduling,1,20,,Client paused decision
Ellswood Orthodontics — Momentum embed,17459,2025-03-09,ellswoodorthodontics.com,Momentum,Practice Marketing;Claims & AR Follow-up,1,21,2025-03-28,
Glenwood Physical Therapy — Momentum 2 seats,31592,2025-02-26,glenwoodphysicaltherapy5139.com,Momentum,Practice Marketing;Claims & AR Follow-up,2,19,2025-03-24,
Fieldstone Kids Dental Care — Core embed,16212,2025-05-11,fieldstonekidsdentalcare.com,Core,Records & Charting Support;Patient Scheduling,1,26,2025-06-01,
Fieldstone Oral Health Partners — Momentum embed,19953,2024-12-31,fieldstoneoralhealthpartners7868.com,Momentum,Recall & Reactivation;Patient Scheduling,1,24,,Rate
Highpoint Orthodontic Group — Momentum 3 seats,69834,2026-07-20,highpointorthodonticgroup3179.com,Momentum,Treatment Coordination;Claims & AR Follow-up,3,28,,Specialty experience
Prescott Dental Studio — Momentum embed,19953,2026-11-17,prescottdentalstudio.com,Momentum,Practice Marketing;Recall & Reactivation,1,24,,
Maplewood Periodontics — Momentum 2 seats,49882,2025-12-16,maplewoodperiodontics5595.com,Momentum,Claims & AR Follow-up;Patient Scheduling,2,30,,
Hollis Movement Clinic — Core 2 seats,26188,2026-09-19,hollismovementclinic.com,Core,Records & Charting Support;Insurance Verification,2,21,,
Beacon Dental Alliance — Core embed,11223,2025-01-22,beacondentalalliance529.com,Core,Insurance Verification;Recall & Reactivation,1,18,,
Thornbury Orthodontic Specialists — Core embed,19329,2026-03-02,thornburyorthodonticspeciali152.com,Core,Front Office / Patient Comms,1,31,,
Fieldstone Family Dentistry Group — Momentum embed,20784,2026-08-21,fieldstonefamilydentistrygro8903.com,Momentum,Patient Scheduling;Revenue Cycle / Billing,1,25,,
Stonebridge Orthodontics — Momentum 2 seats,56532,2025-01-29,stonebridgeorthodontics.com,Momentum,Patient Scheduling;Practice Marketing,2,34,2025-02-06,
Oakhurst Smile Dentistry — Momentum embed,24941,2025-03-23,oakhurstsmiledentistry2774.com,Momentum,Recall & Reactivation;Revenue Cycle / Billing,1,30,,
Nortonville Family Dentistry Group — Momentum embed,26604,2026-08-26,nortonvillefamilydentistrygr1134.com,Momentum,Revenue Cycle / Billing;Recall & Reactivation,1,32,,
Sinclair Orthodontic Group — Summit embed,25149,2025-07-31,sinclairorthodonticgroup7385.com,Summit,Claims & AR Follow-up;Operations Leadership,1,22,2025-08-15,
Summit Ridge Dental Alliance — Momentum embed,18290,2026-11-12,summitridgedentalalliance2646.com,Momentum,Recall & Reactivation;Practice Marketing,1,22,,
Fairmont Dental Associates — Summit embed,22862,2024-12-19,fairmontdentalassociates1053.com,Summit,Operations Leadership;Revenue Cycle / Billing,1,20,2025-01-06,
Tarrant Dental Care — Momentum embed,27435,2026-05-09,tarrantdentalcare2549.com,Momentum,Patient Scheduling;Practice Marketing,1,33,2026-05-21,
Summit Ridge Smile Dentistry — Summit embed,29721,2026-09-21,summitridgesmiledentistry1561.com,Summit,Revenue Cycle / Billing,1,26,,
Lakeshore Movement Clinic — Momentum embed,23278,2025-10-04,lakeshoremovementclinic.com,Momentum,Claims & AR Follow-up;Treatment Coordination,1,28,2025-10-24,
Glenwood Sports Rehab — Core embed,16835,2025-09-13,glenwoodsportsrehab9203.com,Core,Records & Charting Support;Insurance Verification,1,27,,
Ridgeway Endodontic Associates — Momentum embed,25772,2025-02-13,ridgewayendodonticassociates3515.com,Momentum,Practice Marketing;Recall & Reactivation,1,31,,Coverage hours mismatch
Beacon Family Dentistry Group — Momentum 2 seats,46556,2026-08-16,beaconfamilydentistrygroup.com,Momentum,Practice Marketing;Recall & Reactivation,2,28,,Coverage hours mismatch
Wynn Dentistry — Core embed,17459,2026-12-06,wynndentistry.com,Core,Recall & Reactivation;Records & Charting Support,1,28,,
Northline Sports Rehab — Momentum 2 seats,49882,2025-12-14,northlinesportsrehab5224.com,Momentum,Revenue Cycle / Billing;Patient Scheduling,2,30,,
Summit Ridge Dental Care — Core 3 seats,52376,2026-11-08,summitridgedentalcare1135.com,Core,Records & Charting Support;Patient Scheduling,3,28,,
Pinehurst Dental Studio — Momentum embed,24109,2026-11-17,pinehurstdentalstudio.com,Momentum,Claims & AR Follow-up;Insurance Verification,1,29,,
Nortonville Endodontic Associates — Momentum embed,22447,2026-09-23,nortonvilleendodonticassocia4146.com,Momentum,Insurance Verification;Practice Marketing,1,27,,Client paused decision
Redwood Sports Rehab — Momentum embed,14133,2025-01-02,redwoodsportsrehab.com,Momentum,Revenue Cycle / Billing;Practice Marketing,1,17,2025-01-09,
Bramwell Orthodontic Group — Core embed,14341,2026-08-26,bramwellorthodonticgroup9591.com,Core,Recall & Reactivation,1,23,,Communication style
Pinehurst Root Canal Specialists — Momentum embed,22447,2026-05-13,pinehurstrootcanalspecialist.com,Momentum,Insurance Verification;Practice Marketing,1,27,,
Lockhart Dentistry — Core embed,13094,2026-09-06,lockhartdentistry3809.com,Core,Recall & Reactivation;Insurance Verification,1,21,,
Thornbury Dental Partners — Core 2 seats,33670,2026-01-31,thornburydentalpartners2788.com,Core,Patient Scheduling;Recall & Reactivation,2,27,2026-02-27,
Sinclair Dental Studio — Momentum 2 seats,53207,2026-08-15,sinclairdentalstudio6934.com,Momentum,Patient Scheduling;Treatment Coordination,2,32,,Communication style
Fairmont Orthodontics — Summit embed,24006,2025-01-02,fairmontorthodontics7333.com,Summit,Operations Leadership;Claims & AR Follow-up,1,21,2025-01-30,
Prescott Kids Dental Care — Summit embed,33150,2026-09-29,prescottkidsdentalcare8624.com,Summit,Office Management;Claims & AR Follow-up,1,29,,
Wynn Children’s Dental — Summit embed,36580,2026-08-23,wynnchildrensdental.com,Summit,Claims & AR Follow-up,1,32,,
Highpoint Dental Care — Core embed,20576,2025-12-27,highpointdentalcare7223.com,Core,Front Office / Patient Comms;Recall & Reactivation,1,33,2026-01-04,
Sinclair Dentistry — Momentum 3 seats,47388,2026-10-14,sinclairdentistry.com,Momentum,Recall & Reactivation,3,19,,
Sinclair Dental Studio — Summit embed,35437,2026-09-24,sinclairdentalstudio2757.com,Summit,Revenue Cycle / Billing;Operations Leadership,1,31,,Client paused decision
Tarrant Dental Care — Momentum embed,16627,2026-05-23,tarrantdentalcare9756.com,Momentum,Recall & Reactivation;Practice Marketing,1,20,2026-06-16,
Lakeshore Orthodontic Group — Summit embed,33150,2026-06-09,lakeshoreorthodonticgroup.com,Summit,Claims & AR Follow-up;Revenue Cycle / Billing,1,29,,
Silverbrook Smile Partners — Momentum 2 seats,31592,2025-10-04,silverbrooksmilepartners673.com,Momentum,Practice Marketing;Patient Scheduling,2,19,2025-10-19,
Tarrant Dental Care — Momentum embed,17459,2026-11-20,tarrantdentalcare.com,Momentum,Practice Marketing,1,21,,Communication style
Granville Orthodontics — Core 3 seats,44893,2025-06-04,granvilleorthodontics9115.com,Core,Insurance Verification;Front Office / Patient Comms,3,24,2025-06-22,
Thornbury Dental Associates — Core embed,16835,2026-10-08,thornburydentalassociates.com,Core,Insurance Verification;Front Office / Patient Comms,1,27,,
Belmont Smile Partners — Summit embed,25149,2025-01-14,belmontsmilepartners5584.com,Summit,Revenue Cycle / Billing,1,22,,
Glenwood Periodontal Specialists — Core embed,13094,2025-02-26,glenwoodperiodontalspecialis7092.com,Core,Recall & Reactivation;Records & Charting Support,1,21,,Practice software gap
Alder Creek Family Dentistry Group — Core 2 seats,34917,2026-10-14,aldercreekfamilydentistrygro5003.com,Core,Records & Charting Support;Recall & Reactivation,2,28,,
Beacon Dental Care Group — Core embed,16835,2026-07-25,beacondentalcaregroup5098.com,Core,Recall & Reactivation,1,27,,Rate
Kingsley Dental Care Group — Momentum embed,19953,2026-11-04,kingsleydentalcaregroup517.com,Momentum,Practice Marketing;Recall & Reactivation,1,24,,Client paused decision
Prescott Dental Alliance — Summit embed,25149,2026-10-10,prescottdentalalliance.com,Summit,Claims & AR Follow-up;Operations Leadership,1,22,,Communication style
Ridgeway Family Dental — Momentum embed,23278,2026-10-22,ridgewayfamilydental7771.com,Momentum,Insurance Verification;Claims & AR Follow-up,1,28,,
Brookvale Dental Studio — Momentum embed,19953,2026-08-30,brookvaledentalstudio5489.com,Momentum,Revenue Cycle / Billing;Claims & AR Follow-up,1,24,,
Belmont Family Dental — Core embed,17459,2025-06-26,belmontfamilydental7682.com,Core,Front Office / Patient Comms;Patient Scheduling,1,28,,
Wexford Dental Group — Core 3 seats,31800,2025-12-21,wexforddentalgroup.com,Core,Recall & Reactivation,3,17,,Communication style
Pinehurst Dental Studio — Core 2 seats,38658,2026-08-15,pinehurstdentalstudio.com,Core,Records & Charting Support;Front Office / Patient Comms,2,31,,Client paused decision
Belmont Dental Care — Momentum embed,24109,2025-05-30,belmontdentalcare3102.com,Momentum,Insurance Verification;Recall & Reactivation,1,29,2025-06-24,
Everly Orthodontic Specialists — Momentum embed,25772,2026-09-21,everlyorthodonticspecialists1172.com,Momentum,Revenue Cycle / Billing;Patient Scheduling,1,31,,
Bramwell Pediatric Dentistry — Core 2 seats,33670,2024-12-23,bramwellpediatricdentistry3230.com,Core,Recall & Reactivation;Patient Scheduling,2,27,2025-01-04,
Westgate Oral Health Partners — Momentum 2 seats,46556,2026-12-07,westgateoralhealthpartners.com,Momentum,Recall & Reactivation;Treatment Coordination,2,28,,
Highpoint Dentistry — Core embed,20576,2026-04-01,highpointdentistry.com,Core,Records & Charting Support;Insurance Verification,1,33,2026-04-28,
Windsor Oral Health Partners — Core embed,23070,2026-09-11,windsororalhealthpartners7857.com,Core,Recall & Reactivation;Patient Scheduling,1,37,,
Foxfield Surgical Arts — Summit embed,26292,2026-08-26,foxfieldsurgicalarts807.com,Summit,Claims & AR Follow-up;Office Management,1,23,,
Alder Creek Kids Dental Care — Momentum embed,29929,2026-06-05,aldercreekkidsdentalcare.com,Momentum,Treatment Coordination;Claims & AR Follow-up,1,36,,
Glenwood Dental Associates — Momentum embed,29098,2026-03-26,glenwooddentalassociates6151.com,Momentum,Recall & Reactivation;Insurance Verification,1,35,2026-04-02,
Tarrant Orthodontic Specialists — Momentum embed,21615,2026-07-14,tarrantorthodonticspecialist5994.com,Momentum,Treatment Coordination;Recall & Reactivation,1,26,2026-08-04,
Westgate Family Dental — Summit embed,29721,2025-07-05,westgatefamilydental7768.com,Summit,Claims & AR Follow-up;Office Management,1,26,,
Brookvale Orthodontic Specialists — Momentum embed,22447,2026-09-18,brookvaleorthodonticspeciali.com,Momentum,Revenue Cycle / Billing;Insurance Verification,1,27,,
Harbour Smile Partners — Core embed,16835,2026-10-31,harboursmilepartners493.com,Core,Insurance Verification;Records & Charting Support,1,27,,
Tarrant Family Dentistry Group — Core embed,18082,2026-10-03,tarrantfamilydentistrygroup8755.com,Core,Patient Scheduling;Insurance Verification,1,29,,Communication style
Ridgeway Dentistry — Core embed,16835,2026-08-22,ridgewaydentistry1461.com,Core,Recall & Reactivation;Front Office / Patient Comms,1,27,,Rate
Ellswood Smile Partners — Momentum 2 seats,49882,2026-08-17,ellswoodsmilepartners2248.com,Momentum,Recall & Reactivation;Insurance Verification,2,30,,
Cavendish Family Dentistry Group — Core embed,11223,2026-08-15,cavendishfamilydentistrygrou4684.com,Core,Patient Scheduling;Front Office / Patient Comms,1,18,,
Oakhurst Smile Dentistry — Momentum embed,16627,2026-07-31,oakhurstsmiledentistry6858.com,Momentum,Recall & Reactivation;Patient Scheduling,1,20,2026-08-21,
Harbour Orthodontic Specialists — Core embed,16835,2026-04-23,harbourorthodonticspecialist.com,Core,Front Office / Patient Comms;Records & Charting Support,1,27,,
Sinclair Surgical Arts — Momentum embed,28266,2026-10-03,sinclairsurgicalarts1362.com,Momentum,Treatment Coordination,1,34,,
Wexford Smile Dentistry — Momentum embed,22447,2026-10-11,wexfordsmiledentistry.com,Momentum,Patient Scheduling;Practice Marketing,1,27,,Communication style
Bramwell Dental Partners — Core embed,16835,2026-09-09,bramwelldentalpartners.com,Core,Records & Charting Support;Recall & Reactivation,1,27,,
Belmont Orthodontics — Momentum 2 seats,39905,2026-10-06,belmontorthodontics.com,Momentum,Claims & AR Follow-up;Revenue Cycle / Billing,2,24,,
Westgate Dental Studio — Core embed,13094,2026-05-16,westgatedentalstudio6028.com,Core,Recall & Reactivation;Patient Scheduling,1,21,2026-06-09,
Silverbrook Rehab Associates — Summit embed,32007,2026-10-28,silverbrookrehabassociates.com,Summit,Revenue Cycle / Billing,1,28,,Communication style
Meridian Sleep Medicine — Momentum embed,19121,2025-01-31,meridiansleepmedicine.com,Momentum,Practice Marketing;Claims & AR Follow-up,1,23,2025-02-11,
Cedar Point Dental Studio — Momentum embed,20784,2026-09-29,cedarpointdentalstudio2855.com,Momentum,Claims & AR Follow-up;Practice Marketing,1,25,,Coverage hours mismatch
Alder Creek Dental Collective — Core embed,17459,2026-05-16,aldercreekdentalcollective9520.com,Core,Insurance Verification;Recall & Reactivation,1,28,,Specialty experience
Meridian Root Canal Specialists — Momentum embed,31592,2025-10-17,meridianrootcanalspecialists.com,Momentum,Claims & AR Follow-up;Insurance Verification,1,38,,Client paused decision
Cavendish Surgical Arts — Momentum embed,25772,2026-07-27,cavendishsurgicalarts.com,Momentum,Insurance Verification;Patient Scheduling,1,31,2026-08-17,
Camden Family Dentistry Group — Momentum embed,18290,2025-06-10,camdenfamilydentistrygroup7960.com,Momentum,Revenue Cycle / Billing,1,22,2025-07-06,
Westgate Smile Dentistry — Core embed,15588,2026-09-03,westgatesmiledentistry5051.com,Core,Insurance Verification,1,25,,
Summit Ridge Orthodontic Group — Momentum 2 seats,44893,2025-08-17,summitridgeorthodonticgroup5180.com,Momentum,Treatment Coordination;Practice Marketing,2,27,,
Northline Orthodontic Specialists — Core embed,23070,2025-08-31,northlineorthodonticspeciali9806.com,Core,Records & Charting Support;Front Office / Patient Comms,1,37,2025-09-08,
Meridian Smile Dentistry — Core embed,13094,2026-11-03,meridiansmiledentistry.com,Core,Records & Charting Support,1,21,,
Northline Dental Collective — Momentum embed,28266,2025-07-29,northlinedentalcollective.com,Momentum,Patient Scheduling;Treatment Coordination,1,34,,Specialty experience
Everly Braces & Aligners — Momentum 2 seats,34917,2026-10-29,everlybracesaligners.com,Momentum,Practice Marketing;Recall & Reactivation,2,21,,
Granville Dental Group — Momentum embed,27435,2026-08-17,granvilledentalgroup857.com,Momentum,Recall & Reactivation,1,33,,
Meridian Oral Health Partners — Summit embed,40009,2026-09-13,meridianoralhealthpartners.com,Summit,Office Management;Operations Leadership,1,35,,Communication style
Sinclair Dental Studio — Summit embed,32007,2026-10-18,sinclairdentalstudio.com,Summit,Office Management;Revenue Cycle / Billing,1,28,,
Draycott Family Dental — Core embed,21823,2025-10-06,draycottfamilydental1998.com,Core,Recall & Reactivation;Patient Scheduling,1,35,,Client paused decision
Everly Oral & Maxillofacial Surgery — Momentum embed,24109,2026-08-19,everlyoralmaxillofacialsurge.com,Momentum,Recall & Reactivation;Practice Marketing,1,29,,
Granville Family Dentistry Group — Summit embed,30864,2026-03-02,granvillefamilydentistrygrou.com,Summit,Office Management;Claims & AR Follow-up,1,27,2026-03-24,
Highpoint Dental Care — Momentum embed,18290,2025-05-12,highpointdentalcare.com,Momentum,Practice Marketing;Treatment Coordination,1,22,2025-06-01,
Tarrant Oral Health Partners — Momentum embed,29929,2026-03-30,tarrantoralhealthpartners.com,Momentum,Treatment Coordination;Insurance Verification,1,36,,Coverage hours mismatch
Harbour Orthodontic Group — Core embed,13717,2025-09-27,harbourorthodonticgroup9217.com,Core,Records & Charting Support;Patient Scheduling,1,22,2025-10-13,
Meridian Family Dentistry Group — Momentum embed,22447,2026-09-13,meridianfamilydentistrygroup.com,Momentum,Patient Scheduling;Treatment Coordination,1,27,,
Silverbrook Dental Group — Momentum embed,30760,2026-06-17,silverbrookdentalgroup9230.com,Momentum,Revenue Cycle / Billing;Patient Scheduling,1,37,2026-06-24,
Stonebridge Dental Associates — Momentum 3 seats,92281,2026-09-15,stonebridgedentalassociates4000.com,Momentum,Recall & Reactivation;Treatment Coordination,3,37,,
Stonebridge Kids Dental Care — Core embed,14341,2026-06-14,stonebridgekidsdentalcare.com,Core,Records & Charting Support;Insurance Verification,1,23,2026-07-11,
Kingsley Dental Collective — Momentum embed,19953,2025-06-27,kingsleydentalcollective6476.com,Momentum,Claims & AR Follow-up;Recall & Reactivation,1,24,2025-07-16,
Brookvale Dentistry — Core embed,18082,2026-08-22,brookvaledentistry7424.com,Core,Records & Charting Support;Insurance Verification,1,29,,
Stonebridge Dental Partners — Core embed,11223,2025-06-30,stonebridgedentalpartners6664.com,Core,Records & Charting Support;Front Office / Patient Comms,1,18,2025-07-15,
Granville Dentistry — Core 2 seats,34917,2025-01-03,granvilledentistry6469.com,Core,Recall & Reactivation,2,28,2025-01-24,
Camden Family Dental — Momentum embed,20784,2026-05-28,camdenfamilydental345.com,Momentum,Insurance Verification;Treatment Coordination,1,25,2026-06-09,
Cavendish Surgical Arts — Momentum embed,26604,2026-09-05,cavendishsurgicalarts.com,Momentum,Claims & AR Follow-up;Patient Scheduling,1,32,,Client paused decision
Highpoint Dental Studio — Core embed,17459,2026-11-12,highpointdentalstudio5348.com,Core,Patient Scheduling;Records & Charting Support,1,28,,
Bramwell Dental Collective — Core embed,16835,2026-02-09,bramwelldentalcollective352.com,Core,Insurance Verification;Front Office / Patient Comms,1,27,2026-02-16,
Bramwell Dentistry — Summit embed,35437,2025-11-10,bramwelldentistry541.com,Summit,Operations Leadership;Revenue Cycle / Billing,1,31,,
Glenwood Dental Studio — Core embed,15588,2025-05-14,glenwooddentalstudio3464.com,Core,Patient Scheduling;Front Office / Patient Comms,1,25,2025-06-09,
Draycott Smile Dentistry — Momentum embed,19953,2026-09-12,draycottsmiledentistry.com,Momentum,Recall & Reactivation;Patient Scheduling,1,24,,Coverage hours mismatch
Camden Braces & Aligners — Momentum embed,24941,2026-11-06,camdenbracesaligners4152.com,Momentum,Recall & Reactivation;Treatment Coordination,1,30,,
Everly Dental Studio — Core embed,18082,2025-07-27,everlydentalstudio8499.com,Core,Front Office / Patient Comms;Patient Scheduling,1,29,2025-08-22,
Kingsley Family Dental — Core embed,16212,2026-08-14,kingsleyfamilydental.com,Core,Insurance Verification;Front Office / Patient Comms,1,26,,
Thornbury Dental Studio — Momentum embed,19953,2025-10-19,thornburydentalstudio8511.com,Momentum,Patient Scheduling;Claims & AR Follow-up,1,24,,
Wynn Dentistry — Momentum embed,14133,2025-07-20,wynndentistry7102.com,Momentum,Patient Scheduling;Insurance Verification,1,17,2025-07-28,
Meridian Dental Group — Summit embed,35437,2026-02-14,meridiandentalgroup1370.com,Summit,Claims & AR Follow-up;Office Management,1,31,2026-02-26,
Westgate Family Dental — Momentum 2 seats,38243,2026-10-23,westgatefamilydental6647.com,Momentum,Practice Marketing;Claims & AR Follow-up,2,23,,Rate
Bramwell Smile Dentistry — Momentum 2 seats,59858,2026-05-21,bramwellsmiledentistry2546.com,Momentum,Insurance Verification;Recall & Reactivation,2,36,2026-06-17,
Harbour Periodontics — Summit embed,24006,2025-04-24,harbourperiodontics.com,Summit,Revenue Cycle / Billing,1,21,2025-05-12,
Belmont Rehab Associates — Core 2 seats,32423,2026-11-17,belmontrehabassociates4946.com,Core,Records & Charting Support;Front Office / Patient Comms,2,26,,
Tarrant Family Dentistry Group — Momentum embed,24941,2025-09-03,tarrantfamilydentistrygroup9671.com,Momentum,Treatment Coordination,1,30,2025-09-12,
Fairmont Dental Collective — Momentum embed,20784,2026-09-18,fairmontdentalcollective.com,Momentum,Revenue Cycle / Billing;Treatment Coordination,1,25,,
Summit Ridge Oral Health Partners — Momentum embed,16627,2026-02-09,summitridgeoralhealthpartner4496.com,Momentum,Claims & AR Follow-up;Treatment Coordination,1,20,2026-02-26,
Silverbrook Orthodontics — Momentum embed,22447,2026-09-21,silverbrookorthodontics1518.com,Momentum,Claims & AR Follow-up;Practice Marketing,1,27,,
Ellswood Dental Care — Momentum embed,24109,2026-10-19,ellswooddentalcare1912.com,Momentum,Claims & AR Follow-up;Insurance Verification,1,29,,
Hollis Dental Group — Momentum embed,18290,2026-10-02,hollisdentalgroup5729.com,Momentum,Practice Marketing,1,22,,Client paused decision
Summit Ridge Dental Associates — Core embed,15588,2026-10-20,summitridgedentalassociates.com,Core,Records & Charting Support;Insurance Verification,1,25,,
Ashford Periodontics — Momentum embed,22447,2025-08-16,ashfordperiodontics5855.com,Momentum,Treatment Coordination;Practice Marketing,1,27,,
Wynn Dental Partners — Momentum embed,21615,2025-04-25,wynndentalpartners.com,Momentum,Treatment Coordination;Practice Marketing,1,26,2025-05-09,
Ellswood Dental Studio — Momentum embed,19953,2025-03-11,ellswooddentalstudio7293.com,Momentum,Practice Marketing;Patient Scheduling,1,24,,Specialty experience
Bramwell ENT Associates — Summit embed,38866,2026-04-16,bramwellentassociates6968.com,Summit,Operations Leadership;Claims & AR Follow-up,1,34,,Coverage hours mismatch
Sinclair Oral Health Partners — Momentum embed,26604,2026-05-05,sinclairoralhealthpartners3344.com,Momentum,Revenue Cycle / Billing;Recall & Reactivation,1,32,2026-06-02,
Lakeshore Dental Partners — Momentum 2 seats,41568,2025-11-08,lakeshoredentalpartners4484.com,Momentum,Recall & Reactivation,2,25,,
Thornbury Dentistry — Core embed,23694,2025-04-15,thornburydentistry4898.com,Core,Patient Scheduling;Recall & Reactivation,1,38,,
Highpoint Movement Clinic — Core embed,14341,2026-10-22,highpointmovementclinic5709.com,Core,Recall & Reactivation;Patient Scheduling,1,23,,
Bramwell Oral Health Partners — Core 2 seats,27435,2026-08-20,bramwelloralhealthpartners9484.com,Core,Insurance Verification,2,22,,
Bayview Dental Associates — Momentum embed,23278,2025-04-30,bayviewdentalassociates4675.com,Momentum,Claims & AR Follow-up;Treatment Coordination,1,28,2025-05-25,
Prescott Dental Group — Core embed,21200,2026-11-24,prescottdentalgroup4697.com,Core,Insurance Verification,1,34,,
Silverbrook Orthodontic Group — Momentum embed,19953,2026-10-31,silverbrookorthodonticgroup1663.com,Momentum,Claims & AR Follow-up;Insurance Verification,1,24,,
Meridian Pediatric Dentistry — Summit 3 seats,123457,2026-10-25,meridianpediatricdentistry9024.com,Summit,Claims & AR Follow-up;Office Management,3,36,,
Lakeshore Sports Rehab — Summit embed,38866,2025-10-03,lakeshoresportsrehab6192.com,Summit,Office Management;Revenue Cycle / Billing,1,34,,Specialty experience
Redwood Endodontic Associates — Core embed,15588,2026-11-18,redwoodendodonticassociates.com,Core,Front Office / Patient Comms;Patient Scheduling,1,25,,
Harbour Movement Clinic — Summit embed,28578,2025-05-10,harbourmovementclinic6380.com,Summit,Revenue Cycle / Billing;Claims & AR Follow-up,1,25,2025-06-05,
