Type,Title,When
Call,Discovery call,2024-10-25
Note,Intro call. Rapid headcount growth has outpaced their management layer; first-time managers are struggling.,2024-11-04
Note,"Emailed the proposal with cohort size, session cadence and consultant profile.",2024-11-15
Call,Follow-up call,2024-11-21
Meeting,Scoping session,2024-11-25
Meeting,Stakeholder alignment,2024-12-02
Meeting,Diagnostic readout,2024-12-02
Call,Follow-up call,2024-12-04
Call,Engagement check-in,2024-12-16
Note,Sent the program outline and a sample cohort schedule.,2024-12-17
Call,Follow-up call,2024-12-17
Meeting,Proposal review,2024-12-19
Call,Follow-up call,2024-12-20
Call,Engagement check-in,2024-12-23
Meeting,Stakeholder alignment,2024-12-23
Call,Engagement check-in,2024-12-24
Call,Follow-up call,2024-12-25
Call,Engagement check-in,2024-12-25
Call,Discovery call,2024-12-27
Note,Closed won. Cohort size and start date confirmed with the sponsor.,2024-12-30
Call,Follow-up call,2024-12-30
Call,Engagement check-in,2024-12-30
Call,Engagement check-in,2024-12-30
Meeting,Engagement review,2024-12-30
Meeting,Engagement review,2025-01-01
Note,Closed won. Cohort size and start date confirmed with the sponsor.,2025-01-03
Note,Agreement signed. Handing to delivery for consultant assignment and kickoff scheduling.,2025-01-03
Call,Follow-up call,2025-01-03
Call,Discovery call,2025-01-03
Note,"Monthly check-in — cohort attendance steady, sponsor happy with progress.",2025-01-06
Call,Follow-up call,2025-01-06
Call,Engagement check-in,2025-01-06
Call,Engagement check-in,2025-01-06
Call,Engagement check-in,2025-01-06
Meeting,Stakeholder alignment,2025-01-06
Note,Shared two anonymised case studies from similar-stage organizations.,2025-01-07
Note,"Monthly check-in — cohort attendance steady, sponsor happy with progress.",2025-01-08
Note,Two sessions rescheduled by the client; momentum slipping. Account review scheduled.,2025-01-08
Note,Agreement signed. Handing to delivery for consultant assignment and kickoff scheduling.,2025-01-08
Note,Closed won. Cohort size and start date confirmed with the sponsor.,2025-01-09
Call,Engagement check-in,2025-01-09
Note,Closed won. Cohort size and start date confirmed with the sponsor.,2025-01-10
Call,Discovery call,2025-01-10
Note,"Engagement review — consultant tracking to plan, sponsor satisfied.",2025-01-13
Note,Client considering pausing the remaining cohort — retention conversation needed.,2025-01-13
Note,"Progress review: managers applying the feedback model, early behaviour change visible.",2025-01-13
Call,Follow-up call,2025-01-13
Call,Engagement check-in,2025-01-13
Call,Engagement check-in,2025-01-13
Note,Closed won. Cohort size and start date confirmed with the sponsor.,2025-01-14
Note,Check-in call. Client asked to shift a session to accommodate their planning cycle.,2025-01-14
Note,Agreement signed. Handing to delivery for consultant assignment and kickoff scheduling.,2025-01-15
Note,Closed won. Cohort size and start date confirmed with the sponsor.,2025-01-15
Note,"Engagement review — consultant tracking to plan, sponsor satisfied.",2025-01-16
Note,"Progress review: managers applying the feedback model, early behaviour change visible.",2025-01-16
Call,Follow-up call,2025-01-17
Meeting,Engagement review,2025-01-17
Note,"Monthly check-in — cohort attendance steady, sponsor happy with progress.",2025-01-20
Note,Closed won. Cohort size and start date confirmed with the sponsor.,2025-01-20
Note,Closed won. Cohort size and start date confirmed with the sponsor.,2025-01-20
Call,Engagement check-in,2025-01-20
Call,Engagement check-in,2025-01-20
Note,Agreement signed. Handing to delivery for consultant assignment and kickoff scheduling.,2025-01-21
Note,Agreement signed. Handing to delivery for consultant assignment and kickoff scheduling.,2025-01-22
Call,Engagement check-in,2025-01-22
Meeting,Scoping session,2025-01-22
Call,Follow-up call,2025-01-23
Note,"Scoping call — mapped the leadership bench, current review cycle and who owns development today.",2025-01-24
Note,Client considering pausing the remaining cohort — retention conversation needed.,2025-01-24
Note,Closed won. Cohort size and start date confirmed with the sponsor.,2025-01-24
Meeting,Engagement review,2025-01-24
Note,Agreement signed. Handing to delivery for consultant assignment and kickoff scheduling.,2025-01-27
Note,Closed won. Cohort size and start date confirmed with the sponsor.,2025-01-27
Note,Check-in call. Client asked to shift a session to accommodate their planning cycle.,2025-01-27
Meeting,Stakeholder alignment,2025-01-27
Meeting,Engagement review,2025-01-27
Call,Follow-up call,2025-01-28
Meeting,Proposal review,2025-01-28
Meeting,Engagement review,2025-01-28
Note,Sponsor raised concerns about cohort attendance. Escalating to delivery lead.,2025-01-29
Call,Follow-up call,2025-01-29
Call,Engagement check-in,2025-01-30
Call,Engagement check-in,2025-01-30
Note,"Monthly check-in — cohort attendance steady, sponsor happy with progress.",2025-01-31
Note,Agreement signed. Handing to delivery for consultant assignment and kickoff scheduling.,2025-01-31
Note,Closed won. Cohort size and start date confirmed with the sponsor.,2025-02-03
Note,Follow-up on outstanding questions about measurement and how we report progress to their board.,2025-02-03
Note,"Progress review: managers applying the feedback model, early behaviour change visible.",2025-02-03
Call,Engagement check-in,2025-02-03
Call,Follow-up call,2025-02-03
Note,Agreement signed. Handing to delivery for consultant assignment and kickoff scheduling.,2025-02-04
Note,Check-in call. Client asked to shift a session to accommodate their planning cycle.,2025-02-05
Note,Closed won. Cohort size and start date confirmed with the sponsor.,2025-02-05
Call,Follow-up call,2025-02-06
Note,Sponsor raised concerns about cohort attendance. Escalating to delivery lead.,2025-02-07
Call,Follow-up call,2025-02-07
Note,"Emailed the proposal with cohort size, session cadence and consultant profile.",2025-02-10
Note,Agreement signed. Handing to delivery for consultant assignment and kickoff scheduling.,2025-02-10
Note,Sponsor raised concerns about cohort attendance. Escalating to delivery lead.,2025-02-10
Call,Engagement check-in,2025-02-10
Call,Follow-up call,2025-02-10
Call,Discovery call,2025-02-11
Meeting,Stakeholder alignment,2025-02-11
Meeting,Engagement review,2025-02-11
Meeting,Engagement review,2025-02-11
Call,Follow-up call,2025-02-13
Call,Engagement check-in,2025-02-13
Call,Engagement check-in,2025-02-13
Call,Engagement check-in,2025-02-14
Call,Engagement check-in,2025-02-14
Call,Follow-up call,2025-02-14
Call,Follow-up call,2025-02-14
Note,"Emailed the proposal with cohort size, session cadence and consultant profile.",2025-02-17
Note,"Monthly check-in — cohort attendance steady, sponsor happy with progress.",2025-02-17
Note,Closed won. Cohort size and start date confirmed with the sponsor.,2025-02-17
Note,Check-in call. Client asked to shift a session to accommodate their planning cycle.,2025-02-17
Note,Closed won. Cohort size and start date confirmed with the sponsor.,2025-02-17
Call,Follow-up call,2025-02-17
Call,Follow-up call,2025-02-17
Meeting,Proposal review,2025-02-17
Meeting,Stakeholder alignment,2025-02-17
Note,Check-in call. Client asked to shift a session to accommodate their planning cycle.,2025-02-18
Note,Check-in call. Client asked to shift a session to accommodate their planning cycle.,2025-02-19
Note,Sponsor raised concerns about cohort attendance. Escalating to delivery lead.,2025-02-19
Note,Follow-up on outstanding questions about measurement and how we report progress to their board.,2025-02-19
Call,Follow-up call,2025-02-19
Note,Closed won. Cohort size and start date confirmed with the sponsor.,2025-02-20
Call,Engagement check-in,2025-02-20
Meeting,Stakeholder alignment,2025-02-20
Call,Follow-up call,2025-02-21
Call,Engagement check-in,2025-02-21
Note,Check-in call. Client asked to shift a session to accommodate their planning cycle.,2025-02-24
Note,"Engagement review — consultant tracking to plan, sponsor satisfied.",2025-02-24
Note,Agreement signed. Handing to delivery for consultant assignment and kickoff scheduling.,2025-02-24
Call,Follow-up call,2025-02-24
Meeting,Stakeholder alignment,2025-02-25
Note,Agreement signed. Handing to delivery for consultant assignment and kickoff scheduling.,2025-02-26
Note,Agreement signed. Handing to delivery for consultant assignment and kickoff scheduling.,2025-02-26
Note,Closed won. Cohort size and start date confirmed with the sponsor.,2025-02-26
Note,"Engagement review — consultant tracking to plan, sponsor satisfied.",2025-02-26
Note,Closed won. Cohort size and start date confirmed with the sponsor.,2025-02-26
Call,Engagement check-in,2025-02-26
Note,Sponsor raised concerns about cohort attendance. Escalating to delivery lead.,2025-02-27
Note,"Emailed the proposal with cohort size, session cadence and consultant profile.",2025-02-28
Call,Engagement check-in,2025-02-28
Call,Engagement check-in,2025-03-03
Meeting,Diagnostic readout,2025-03-03
Note,Agreement signed. Handing to delivery for consultant assignment and kickoff scheduling.,2025-03-04
Call,Engagement check-in,2025-03-04
Note,Closed won. Cohort size and start date confirmed with the sponsor.,2025-03-05
Call,Follow-up call,2025-03-05
Note,Executive sponsor changed mid-engagement; re-selling the value internally.,2025-03-06
Note,Two sessions rescheduled by the client; momentum slipping. Account review scheduled.,2025-03-07
Call,Discovery call,2025-03-07
Note,Agreement signed. Handing to delivery for consultant assignment and kickoff scheduling.,2025-03-10
Note,Client considering pausing the remaining cohort — retention conversation needed.,2025-03-10
Note,"Progress review: managers applying the feedback model, early behaviour change visible.",2025-03-10
Note,"Engagement review — consultant tracking to plan, sponsor satisfied.",2025-03-12
Call,Follow-up call,2025-03-12
Meeting,Engagement review,2025-03-12
Note,"Progress review: managers applying the feedback model, early behaviour change visible.",2025-03-13
Note,Closed won. Cohort size and start date confirmed with the sponsor.,2025-03-13
Call,Engagement check-in,2025-03-13
Note,"Engagement review — consultant tracking to plan, sponsor satisfied.",2025-03-14
Note,"Engagement review — consultant tracking to plan, sponsor satisfied.",2025-03-14
Note,"Monthly check-in — cohort attendance steady, sponsor happy with progress.",2025-03-14
Call,Discovery call,2025-03-14
Call,Engagement check-in,2025-03-14
Note,"Progress review: managers applying the feedback model, early behaviour change visible.",2025-03-17
Note,Client considering pausing the remaining cohort — retention conversation needed.,2025-03-17
Note,Closed won. Cohort size and start date confirmed with the sponsor.,2025-03-17
Call,Discovery call,2025-03-17
Call,Follow-up call,2025-03-17
Call,Engagement check-in,2025-03-17
Call,Follow-up call,2025-03-17
Call,Engagement check-in,2025-03-18
Note,"Engagement review — consultant tracking to plan, sponsor satisfied.",2025-03-20
Note,Check-in call. Client asked to shift a session to accommodate their planning cycle.,2025-03-20
Note,Two sessions rescheduled by the client; momentum slipping. Account review scheduled.,2025-03-20
Note,Check-in call. Client asked to shift a session to accommodate their planning cycle.,2025-03-20
Call,Engagement check-in,2025-03-20
Note,Closed won. Cohort size and start date confirmed with the sponsor.,2025-03-21
Note,Closed won. Cohort size and start date confirmed with the sponsor.,2025-03-21
Call,Follow-up call,2025-03-21
Call,Discovery call,2025-03-21
Note,Closed won. Cohort size and start date confirmed with the sponsor.,2025-03-24
Note,Agreement signed. Handing to delivery for consultant assignment and kickoff scheduling.,2025-03-24
Note,Closed won. Cohort size and start date confirmed with the sponsor.,2025-03-24
Note,"Engagement review — consultant tracking to plan, sponsor satisfied.",2025-03-24
Note,Check-in call. Client asked to shift a session to accommodate their planning cycle.,2025-03-24
Note,Closed won. Cohort size and start date confirmed with the sponsor.,2025-03-24
Meeting,Proposal review,2025-03-25
Note,Agreement signed. Handing to delivery for consultant assignment and kickoff scheduling.,2025-03-26
Note,Agreement signed. Handing to delivery for consultant assignment and kickoff scheduling.,2025-03-26
Note,Closed won. Cohort size and start date confirmed with the sponsor.,2025-03-26
Call,Follow-up call,2025-03-26
Note,Client considering pausing the remaining cohort — retention conversation needed.,2025-03-27
Note,Closed won. Cohort size and start date confirmed with the sponsor.,2025-03-27
Meeting,Engagement review,2025-03-27
Note,Agreement signed. Handing to delivery for consultant assignment and kickoff scheduling.,2025-03-31
Call,Discovery call,2025-03-31
Call,Follow-up call,2025-03-31
Meeting,Scoping session,2025-03-31
Meeting,Engagement review,2025-03-31
Meeting,Proposal review,2025-03-31
Meeting,Scoping session,2025-03-31
Note,Sponsor raised concerns about cohort attendance. Escalating to delivery lead.,2025-04-01
Note,Check-in call. Client asked to shift a session to accommodate their planning cycle.,2025-04-01
Note,Closed won. Cohort size and start date confirmed with the sponsor.,2025-04-03
Note,"Monthly check-in — cohort attendance steady, sponsor happy with progress.",2025-04-03
Call,Follow-up call,2025-04-03
Meeting,Engagement review,2025-04-03
Note,Agreement signed. Handing to delivery for consultant assignment and kickoff scheduling.,2025-04-04
Note,Agreement signed. Handing to delivery for consultant assignment and kickoff scheduling.,2025-04-04
Call,Follow-up call,2025-04-04
Call,Engagement check-in,2025-04-04
Call,Follow-up call,2025-04-04
Note,Closed won. Cohort size and start date confirmed with the sponsor.,2025-04-07
Call,Follow-up call,2025-04-07
Call,Engagement check-in,2025-04-07
Call,Engagement check-in,2025-04-10
Note,Agreement signed. Handing to delivery for consultant assignment and kickoff scheduling.,2025-04-11
Note,Closed won. Cohort size and start date confirmed with the sponsor.,2025-04-14
Call,Follow-up call,2025-04-14
Call,Follow-up call,2025-04-14
Call,Engagement check-in,2025-04-14
Note,Closed won. Cohort size and start date confirmed with the sponsor.,2025-04-17
Note,Sent the program outline and a sample cohort schedule.,2025-04-18
Call,Engagement check-in,2025-04-18
Note,Check-in call. Client asked to shift a session to accommodate their planning cycle.,2025-04-21
Meeting,Engagement review,2025-04-21
Note,Check-in call. Client asked to shift a session to accommodate their planning cycle.,2025-04-22
Call,Engagement check-in,2025-04-24
Note,"Discovery — engagement survey scores dropped two quarters running; they want the root cause, not a workshop.",2025-04-25
Call,Engagement check-in,2025-04-25
Call,Follow-up call,2025-04-28
Call,Engagement check-in,2025-04-28
Meeting,Scoping session,2025-04-28
Meeting,Engagement review,2025-04-28
Note,Agreement signed. Handing to delivery for consultant assignment and kickoff scheduling.,2025-04-29
Call,Follow-up call,2025-04-29
Call,Engagement check-in,2025-04-29
Note,"Monthly check-in — cohort attendance steady, sponsor happy with progress.",2025-04-30
Note,Sent the program outline and a sample cohort schedule.,2025-04-30
Call,Follow-up call,2025-05-01
Meeting,Diagnostic readout,2025-05-01
Call,Engagement check-in,2025-05-02
Call,Follow-up call,2025-05-02
Note,Closed won. Cohort size and start date confirmed with the sponsor.,2025-05-05
Note,"Engagement review — consultant tracking to plan, sponsor satisfied.",2025-05-05
Note,"Engagement review — consultant tracking to plan, sponsor satisfied.",2025-05-05
Note,"Engagement review — consultant tracking to plan, sponsor satisfied.",2025-05-05
Note,"Engagement review — consultant tracking to plan, sponsor satisfied.",2025-05-05
Call,Engagement check-in,2025-05-05
Call,Engagement check-in,2025-05-05
Call,Engagement check-in,2025-05-05
Meeting,Stakeholder alignment,2025-05-05
Note,Closed won. Cohort size and start date confirmed with the sponsor.,2025-05-06
Call,Engagement check-in,2025-05-06
Note,Follow-up on outstanding questions about measurement and how we report progress to their board.,2025-05-07
Note,Check-in call. Client asked to shift a session to accommodate their planning cycle.,2025-05-07
Meeting,Engagement review,2025-05-07
Note,Closed won. Cohort size and start date confirmed with the sponsor.,2025-05-08
Call,Engagement check-in,2025-05-08
Meeting,Stakeholder alignment,2025-05-08
Note,Agreement signed. Handing to delivery for consultant assignment and kickoff scheduling.,2025-05-09
Note,"Qualification call. Confirmed the sponsor, budget owner and target cohort size.",2025-05-09
Call,Engagement check-in,2025-05-09
Meeting,Stakeholder alignment,2025-05-09
Note,Check-in call. Client asked to shift a session to accommodate their planning cycle.,2025-05-12
Note,"Lost — they needed integration with their existing LMS, which we do not support.",2025-05-12
Call,Engagement check-in,2025-05-12
Meeting,Proposal review,2025-05-12
Note,Check-in call. Client asked to shift a session to accommodate their planning cycle.,2025-05-13
Note,Closed won. Cohort size and start date confirmed with the sponsor.,2025-05-13
Call,Follow-up call,2025-05-13
Note,Check-in call. Client asked to shift a session to accommodate their planning cycle.,2025-05-14
Call,Engagement check-in,2025-05-15
Note,"Engagement review — consultant tracking to plan, sponsor satisfied.",2025-05-16
Note,Check-in call. Client asked to shift a session to accommodate their planning cycle.,2025-05-16
Call,Discovery call,2025-05-16
Meeting,Engagement review,2025-05-16
Meeting,Engagement review,2025-05-16
Note,Closed won. Cohort size and start date confirmed with the sponsor.,2025-05-19
Note,Sent the program outline and a sample cohort schedule.,2025-05-19
Call,Engagement check-in,2025-05-19
Meeting,Engagement review,2025-05-19
Note,Agreement signed. Handing to delivery for consultant assignment and kickoff scheduling.,2025-05-20
Note,Agreement signed. Handing to delivery for consultant assignment and kickoff scheduling.,2025-05-20
Note,"Progress review: managers applying the feedback model, early behaviour change visible.",2025-05-20
Note,Check-in call. Client asked to shift a session to accommodate their planning cycle.,2025-05-20
Call,Engagement check-in,2025-05-20
Call,Engagement check-in,2025-05-20
Call,Engagement check-in,2025-05-20
Meeting,Engagement review,2025-05-20
Note,Agreement signed. Handing to delivery for consultant assignment and kickoff scheduling.,2025-05-21
Note,"Monthly check-in — cohort attendance steady, sponsor happy with progress.",2025-05-21
Call,Engagement check-in,2025-05-21
Meeting,Diagnostic readout,2025-05-21
Note,Two sessions rescheduled by the client; momentum slipping. Account review scheduled.,2025-05-22
Note,Agreement signed. Handing to delivery for consultant assignment and kickoff scheduling.,2025-05-23
Note,"Engagement review — consultant tracking to plan, sponsor satisfied.",2025-05-23
Note,Closed won. Cohort size and start date confirmed with the sponsor.,2025-05-23
Note,Check-in call. Client asked to shift a session to accommodate their planning cycle.,2025-05-23
Note,Closed won. Cohort size and start date confirmed with the sponsor.,2025-05-23
Note,"Progress review: managers applying the feedback model, early behaviour change visible.",2025-05-26
Note,"Monthly check-in — cohort attendance steady, sponsor happy with progress.",2025-05-26
Note,Agreement signed. Handing to delivery for consultant assignment and kickoff scheduling.,2025-05-26
Note,"Engagement review — consultant tracking to plan, sponsor satisfied.",2025-05-26
Note,Follow-up on outstanding questions about measurement and how we report progress to their board.,2025-05-26
Call,Follow-up call,2025-05-26
Note,"Progress review: managers applying the feedback model, early behaviour change visible.",2025-05-27
Note,Two sessions rescheduled by the client; momentum slipping. Account review scheduled.,2025-05-27
Note,Agreement signed. Handing to delivery for consultant assignment and kickoff scheduling.,2025-05-28
Call,Engagement check-in,2025-05-28
Note,Agreement signed. Handing to delivery for consultant assignment and kickoff scheduling.,2025-05-29
Note,Agreement signed. Handing to delivery for consultant assignment and kickoff scheduling.,2025-05-30
Note,Check-in call. Client asked to shift a session to accommodate their planning cycle.,2025-05-30
Meeting,Engagement review,2025-05-30
Note,Closed won. Cohort size and start date confirmed with the sponsor.,2025-06-02
Note,Agreement signed. Handing to delivery for consultant assignment and kickoff scheduling.,2025-06-02
Note,"Engagement review — consultant tracking to plan, sponsor satisfied.",2025-06-02
Call,Engagement check-in,2025-06-02
Call,Follow-up call,2025-06-02
Call,Follow-up call,2025-06-02
Meeting,Engagement review,2025-06-02
Note,Executive sponsor changed mid-engagement; re-selling the value internally.,2025-06-03
Note,Closed won. Cohort size and start date confirmed with the sponsor.,2025-06-03
Meeting,Engagement review,2025-06-04
Call,Follow-up call,2025-06-05
Call,Engagement check-in,2025-06-05
Meeting,Diagnostic readout,2025-06-05
Note,Follow-up on outstanding questions about measurement and how we report progress to their board.,2025-06-06
Note,Closed won. Cohort size and start date confirmed with the sponsor.,2025-06-09
Note,"Monthly check-in — cohort attendance steady, sponsor happy with progress.",2025-06-09
Call,Follow-up call,2025-06-09
Call,Follow-up call,2025-06-09
Call,Engagement check-in,2025-06-09
Call,Engagement check-in,2025-06-09
Meeting,Scoping session,2025-06-10
Note,Agreement signed. Handing to delivery for consultant assignment and kickoff scheduling.,2025-06-11
Note,Agreement signed. Handing to delivery for consultant assignment and kickoff scheduling.,2025-06-11
Meeting,Proposal review,2025-06-11
Note,"Emailed the proposal with cohort size, session cadence and consultant profile.",2025-06-13
Note,"Discovery call — walked through their org structure, span of control and where decisions stall.",2025-06-13
Call,Engagement check-in,2025-06-13
Meeting,Engagement review,2025-06-13
Note,Closed won. Cohort size and start date confirmed with the sponsor.,2025-06-16
Call,Engagement check-in,2025-06-16
Call,Follow-up call,2025-06-16
Call,Follow-up call,2025-06-16
Meeting,Engagement review,2025-06-16
Call,Engagement check-in,2025-06-17
Meeting,Engagement review,2025-06-17
Note,"Progress review: managers applying the feedback model, early behaviour change visible.",2025-06-18
Note,Closed won. Cohort size and start date confirmed with the sponsor.,2025-06-19
Note,Closed won. Cohort size and start date confirmed with the sponsor.,2025-06-19
Note,"Emailed the proposal with cohort size, session cadence and consultant profile.",2025-06-20
Meeting,Scoping session,2025-06-20
Meeting,Engagement review,2025-06-20
Note,Lost — needed delivery across timezones we do not currently staff.,2025-06-23
Note,Sent the program outline and a sample cohort schedule.,2025-06-23
Note,Check-in call. Client asked to shift a session to accommodate their planning cycle.,2025-06-23
Note,"Engagement review — consultant tracking to plan, sponsor satisfied.",2025-06-23
Note,Agreement signed. Handing to delivery for consultant assignment and kickoff scheduling.,2025-06-23
Call,Engagement check-in,2025-06-23
Meeting,Engagement review,2025-06-23
Note,Closed won. Cohort size and start date confirmed with the sponsor.,2025-06-25
Note,Agreement signed. Handing to delivery for consultant assignment and kickoff scheduling.,2025-06-25
Note,Two sessions rescheduled by the client; momentum slipping. Account review scheduled.,2025-06-25
Call,Engagement check-in,2025-06-25
Note,"Monthly check-in — cohort attendance steady, sponsor happy with progress.",2025-06-26
Note,Agreement signed. Handing to delivery for consultant assignment and kickoff scheduling.,2025-06-26
Meeting,Scoping session,2025-06-26
Meeting,Engagement review,2025-06-27
Note,"Progress review: managers applying the feedback model, early behaviour change visible.",2025-06-30
Call,Engagement check-in,2025-06-30
Call,Engagement check-in,2025-06-30
Meeting,Engagement review,2025-06-30
Meeting,Engagement review,2025-06-30
Note,"Progress review: managers applying the feedback model, early behaviour change visible.",2025-07-01
Note,Agreement signed. Handing to delivery for consultant assignment and kickoff scheduling.,2025-07-01
Call,Engagement check-in,2025-07-01
Call,Follow-up call,2025-07-01
Call,Follow-up call,2025-07-02
Note,Closed won. Cohort size and start date confirmed with the sponsor.,2025-07-03
Note,Agreement signed. Handing to delivery for consultant assignment and kickoff scheduling.,2025-07-03
Note,No decision — client paused all L&amp;D spend this quarter.,2025-07-03
Note,"Monthly check-in — cohort attendance steady, sponsor happy with progress.",2025-07-03
Call,Engagement check-in,2025-07-03
Note,"Monthly check-in — cohort attendance steady, sponsor happy with progress.",2025-07-04
Note,Check-in call. Client asked to shift a session to accommodate their planning cycle.,2025-07-04
Note,"Progress review: managers applying the feedback model, early behaviour change visible.",2025-07-07
Note,Agreement signed. Handing to delivery for consultant assignment and kickoff scheduling.,2025-07-07
Note,Executive sponsor changed mid-engagement; re-selling the value internally.,2025-07-07
Note,Closed won. Cohort size and start date confirmed with the sponsor.,2025-07-07
Note,Client considering pausing the remaining cohort — retention conversation needed.,2025-07-07
Note,Lost on price — client went with a lower-cost training vendor.,2025-07-07
Call,Engagement check-in,2025-07-07
Call,Engagement check-in,2025-07-07
Meeting,Engagement review,2025-07-07
Meeting,Stakeholder alignment,2025-07-07
Note,Check-in call. Client asked to shift a session to accommodate their planning cycle.,2025-07-08
Note,Lost on price — client went with a lower-cost training vendor.,2025-07-08
Note,Agreement signed. Handing to delivery for consultant assignment and kickoff scheduling.,2025-07-09
Note,Closed won. Cohort size and start date confirmed with the sponsor.,2025-07-09
Call,Engagement check-in,2025-07-09
Meeting,Engagement review,2025-07-09
Note,Lost — wanted consultants with deeper sector-specific experience.,2025-07-10
Note,Closed won. Cohort size and start date confirmed with the sponsor.,2025-07-11
Note,Closed won. Cohort size and start date confirmed with the sponsor.,2025-07-11
Call,Engagement check-in,2025-07-11
Meeting,Stakeholder alignment,2025-07-11
Note,Check-in call. Client asked to shift a session to accommodate their planning cycle.,2025-07-14
Note,Agreement signed. Handing to delivery for consultant assignment and kickoff scheduling.,2025-07-14
Note,Check-in call. Client asked to shift a session to accommodate their planning cycle.,2025-07-14
Note,Check-in call. Client asked to shift a session to accommodate their planning cycle.,2025-07-14
Call,Engagement check-in,2025-07-14
Call,Engagement check-in,2025-07-16
Note,Agreement signed. Handing to delivery for consultant assignment and kickoff scheduling.,2025-07-17
Call,Follow-up call,2025-07-17
Note,Closed won. Cohort size and start date confirmed with the sponsor.,2025-07-18
Note,Agreement signed. Handing to delivery for consultant assignment and kickoff scheduling.,2025-07-18
Note,Shared two anonymised case studies from similar-stage organizations.,2025-07-21
Note,Closed won. Cohort size and start date confirmed with the sponsor.,2025-07-21
Call,Engagement check-in,2025-07-21
Note,Check-in call. Client asked to shift a session to accommodate their planning cycle.,2025-07-22
Note,Closed won. Cohort size and start date confirmed with the sponsor.,2025-07-22
Note,Check-in call. Client asked to shift a session to accommodate their planning cycle.,2025-07-22
Call,Discovery call,2025-07-22
Note,"Progress review: managers applying the feedback model, early behaviour change visible.",2025-07-23
Note,Closed won. Cohort size and start date confirmed with the sponsor.,2025-07-24
Call,Engagement check-in,2025-07-24
Note,Check-in call. Client asked to shift a session to accommodate their planning cycle.,2025-07-25
Note,Agreement signed. Handing to delivery for consultant assignment and kickoff scheduling.,2025-07-25
Call,Engagement check-in,2025-07-25
Call,Engagement check-in,2025-07-25
Meeting,Scoping session,2025-07-25
Note,Agreement signed. Handing to delivery for consultant assignment and kickoff scheduling.,2025-07-28
Call,Engagement check-in,2025-07-28
Note,Sent the program outline and a sample cohort schedule.,2025-07-29
Note,Agreement signed. Handing to delivery for consultant assignment and kickoff scheduling.,2025-07-30
Note,Closed won. Cohort size and start date confirmed with the sponsor.,2025-07-30
Call,Follow-up call,2025-07-31
Note,"Engagement review — consultant tracking to plan, sponsor satisfied.",2025-08-04
Note,"Monthly check-in — cohort attendance steady, sponsor happy with progress.",2025-08-04
Call,Engagement check-in,2025-08-04
Call,Follow-up call,2025-08-04
Call,Engagement check-in,2025-08-04
Call,Engagement check-in,2025-08-04
Call,Engagement check-in,2025-08-05
Note,"Monthly check-in — cohort attendance steady, sponsor happy with progress.",2025-08-06
Call,Discovery call,2025-08-06
Note,Agreement signed. Handing to delivery for consultant assignment and kickoff scheduling.,2025-08-07
Note,"Progress review: managers applying the feedback model, early behaviour change visible.",2025-08-08
Note,Closed won. Cohort size and start date confirmed with the sponsor.,2025-08-08
Note,Closed won. Cohort size and start date confirmed with the sponsor.,2025-08-08
Note,Closed won. Cohort size and start date confirmed with the sponsor.,2025-08-11
Call,Follow-up call,2025-08-11
Note,"Engagement review — consultant tracking to plan, sponsor satisfied.",2025-08-14
Note,"Progress review: managers applying the feedback model, early behaviour change visible.",2025-08-15
Note,"Progress review: managers applying the feedback model, early behaviour change visible.",2025-08-18
Note,Agreement signed. Handing to delivery for consultant assignment and kickoff scheduling.,2025-08-18
Call,Follow-up call,2025-08-18
Meeting,Proposal review,2025-08-18
Meeting,Engagement review,2025-08-18
Note,No decision — client paused all L&amp;D spend this quarter.,2025-08-19
Call,Follow-up call,2025-08-19
Note,Lost — wanted consultants with deeper sector-specific experience.,2025-08-21
Call,Follow-up call,2025-08-22
Note,Lost — sponsor felt the facilitator style was not the right fit for their culture.,2025-08-25
Call,Follow-up call,2025-08-25
Note,"Engagement review — consultant tracking to plan, sponsor satisfied.",2025-08-26
Note,"Engagement review — consultant tracking to plan, sponsor satisfied.",2025-08-28
Call,Engagement check-in,2025-08-28
Note,"Progress review: managers applying the feedback model, early behaviour change visible.",2025-09-01
Note,Agreement signed. Handing to delivery for consultant assignment and kickoff scheduling.,2025-09-01
Note,Closed won. Cohort size and start date confirmed with the sponsor.,2025-09-01
Call,Engagement check-in,2025-09-01
Note,"Engagement review — consultant tracking to plan, sponsor satisfied.",2025-09-02
Note,"Progress review: managers applying the feedback model, early behaviour change visible.",2025-09-03
Call,Engagement check-in,2025-09-04
Call,Engagement check-in,2025-09-04
Note,Closed won. Cohort size and start date confirmed with the sponsor.,2025-09-08
Note,Closed won. Cohort size and start date confirmed with the sponsor.,2025-09-08
Note,Closed won. Cohort size and start date confirmed with the sponsor.,2025-09-08
Note,Follow-up on outstanding questions about measurement and how we report progress to their board.,2025-09-08
Call,Follow-up call,2025-09-08
Call,Follow-up call,2025-09-08
Call,Discovery call,2025-09-08
Meeting,Diagnostic readout,2025-09-08
Note,Lost on price — client went with a lower-cost training vendor.,2025-09-09
Note,"Progress review: managers applying the feedback model, early behaviour change visible.",2025-09-10
Note,"Engagement review — consultant tracking to plan, sponsor satisfied.",2025-09-12
Call,Follow-up call,2025-09-12
Note,Lost — wanted consultants with deeper sector-specific experience.,2025-09-15
Call,Engagement check-in,2025-09-15
Note,"Progress review: managers applying the feedback model, early behaviour change visible.",2025-09-17
Call,Engagement check-in,2025-09-17
Note,Follow-up on outstanding questions about measurement and how we report progress to their board.,2025-09-18
Note,"Engagement review — consultant tracking to plan, sponsor satisfied.",2025-09-18
Note,"Progress review: managers applying the feedback model, early behaviour change visible.",2025-09-19
Note,Closed won. Cohort size and start date confirmed with the sponsor.,2025-09-22
Note,Closed won. Cohort size and start date confirmed with the sponsor.,2025-09-22
Note,Check-in call. Client asked to shift a session to accommodate their planning cycle.,2025-09-22
Call,Engagement check-in,2025-09-22
Call,Engagement check-in,2025-09-22
Call,Engagement check-in,2025-09-23
Call,Follow-up call,2025-09-23
Call,Follow-up call,2025-09-24
Call,Engagement check-in,2025-09-25
Call,Engagement check-in,2025-09-25
Note,"Progress review: managers applying the feedback model, early behaviour change visible.",2025-09-26
Note,"Engagement review — consultant tracking to plan, sponsor satisfied.",2025-09-26
Note,"Engagement review — consultant tracking to plan, sponsor satisfied.",2025-09-26
Note,"Emailed the proposal with cohort size, session cadence and consultant profile.",2025-09-29
Note,Closed won. Cohort size and start date confirmed with the sponsor.,2025-09-29
Note,Check-in call. Client asked to shift a session to accommodate their planning cycle.,2025-09-29
Note,Closed won. Cohort size and start date confirmed with the sponsor.,2025-09-29
Note,Intro call. Rapid headcount growth has outpaced their management layer; first-time managers are struggling.,2025-09-29
Note,Agreement signed. Handing to delivery for consultant assignment and kickoff scheduling.,2025-09-29
Call,Engagement check-in,2025-09-29
Note,Two sessions rescheduled by the client; momentum slipping. Account review scheduled.,2025-10-01
Note,Agreement signed. Handing to delivery for consultant assignment and kickoff scheduling.,2025-10-01
Call,Engagement check-in,2025-10-01
Call,Discovery call,2025-10-01
Meeting,Scoping session,2025-10-01
Call,Engagement check-in,2025-10-02
Meeting,Diagnostic readout,2025-10-02
Call,Engagement check-in,2025-10-03
Call,Engagement check-in,2025-10-03
Call,Follow-up call,2025-10-03
Note,Client considering pausing the remaining cohort — retention conversation needed.,2025-10-06
Note,Agreement signed. Handing to delivery for consultant assignment and kickoff scheduling.,2025-10-06
Note,Closed won. Cohort size and start date confirmed with the sponsor.,2025-10-06
Note,"Engagement review — consultant tracking to plan, sponsor satisfied.",2025-10-06
Call,Discovery call,2025-10-06
Call,Follow-up call,2025-10-06
Meeting,Stakeholder alignment,2025-10-06
Note,"Emailed the proposal with cohort size, session cadence and consultant profile.",2025-10-08
Note,Agreement signed. Handing to delivery for consultant assignment and kickoff scheduling.,2025-10-08
Meeting,Engagement review,2025-10-08
Note,Closed won. Cohort size and start date confirmed with the sponsor.,2025-10-09
Note,"Engagement review — consultant tracking to plan, sponsor satisfied.",2025-10-10
Note,Closed won. Cohort size and start date confirmed with the sponsor.,2025-10-10
Note,"Emailed the proposal with cohort size, session cadence and consultant profile.",2025-10-13
Call,Follow-up call,2025-10-13
Meeting,Diagnostic readout,2025-10-13
Note,Client considering pausing the remaining cohort — retention conversation needed.,2025-10-14
Call,Follow-up call,2025-10-14
Meeting,Diagnostic readout,2025-10-14
Note,Agreement signed. Handing to delivery for consultant assignment and kickoff scheduling.,2025-10-15
Note,"Lost — they needed integration with their existing LMS, which we do not support.",2025-10-15
Note,"Engagement review — consultant tracking to plan, sponsor satisfied.",2025-10-15
Call,Engagement check-in,2025-10-15
Note,"Engagement review — consultant tracking to plan, sponsor satisfied.",2025-10-17
Note,Agreement signed. Handing to delivery for consultant assignment and kickoff scheduling.,2025-10-20
Call,Engagement check-in,2025-10-20
Note,Check-in call. Client asked to shift a session to accommodate their planning cycle.,2025-10-21
Note,"Progress review: managers applying the feedback model, early behaviour change visible.",2025-10-21
Note,"Progress review: managers applying the feedback model, early behaviour change visible.",2025-10-21
Note,Agreement signed. Handing to delivery for consultant assignment and kickoff scheduling.,2025-10-23
Call,Engagement check-in,2025-10-23
Note,"Progress review: managers applying the feedback model, early behaviour change visible.",2025-10-24
Note,Check-in call. Client asked to shift a session to accommodate their planning cycle.,2025-10-24
Call,Engagement check-in,2025-10-24
Note,"Engagement review — consultant tracking to plan, sponsor satisfied.",2025-10-27
Note,Agreement signed. Handing to delivery for consultant assignment and kickoff scheduling.,2025-10-27
Note,Agreement signed. Handing to delivery for consultant assignment and kickoff scheduling.,2025-10-27
Note,Closed won. Cohort size and start date confirmed with the sponsor.,2025-10-27
Call,Engagement check-in,2025-10-27
Call,Engagement check-in,2025-10-27
Call,Engagement check-in,2025-10-27
Meeting,Engagement review,2025-10-27
Note,Check-in call. Client asked to shift a session to accommodate their planning cycle.,2025-10-28
Note,"Monthly check-in — cohort attendance steady, sponsor happy with progress.",2025-10-28
Note,"Monthly check-in — cohort attendance steady, sponsor happy with progress.",2025-10-28
Note,"Discovery call — walked through their org structure, span of control and where decisions stall.",2025-10-28
Note,Agreement signed. Handing to delivery for consultant assignment and kickoff scheduling.,2025-10-29
Note,Closed won. Cohort size and start date confirmed with the sponsor.,2025-10-29
Call,Engagement check-in,2025-10-29
Note,Agreement signed. Handing to delivery for consultant assignment and kickoff scheduling.,2025-10-30
Note,Closed won. Cohort size and start date confirmed with the sponsor.,2025-10-30
Meeting,Scoping session,2025-10-30
Note,"Engagement review — consultant tracking to plan, sponsor satisfied.",2025-11-03
Note,"Progress review: managers applying the feedback model, early behaviour change visible.",2025-11-03
Call,Engagement check-in,2025-11-03
Call,Engagement check-in,2025-11-04
Meeting,Engagement review,2025-11-04
Call,Engagement check-in,2025-11-05
Note,Agreement signed. Handing to delivery for consultant assignment and kickoff scheduling.,2025-11-06
Note,"Discovery — engagement survey scores dropped two quarters running; they want the root cause, not a workshop.",2025-11-06
Note,"Emailed the proposal with cohort size, session cadence and consultant profile.",2025-11-06
Call,Engagement check-in,2025-11-07
Note,Check-in call. Client asked to shift a session to accommodate their planning cycle.,2025-11-10
Call,Follow-up call,2025-11-10
Call,Follow-up call,2025-11-10
Call,Engagement check-in,2025-11-10
Meeting,Diagnostic readout,2025-11-10
Meeting,Engagement review,2025-11-10
Note,Closed won. Cohort size and start date confirmed with the sponsor.,2025-11-13
Call,Engagement check-in,2025-11-13
Note,Closed won. Cohort size and start date confirmed with the sponsor.,2025-11-14
Note,Closed won. Cohort size and start date confirmed with the sponsor.,2025-11-14
Note,Closed won. Cohort size and start date confirmed with the sponsor.,2025-11-14
Call,Discovery call,2025-11-14
Note,Closed won. Cohort size and start date confirmed with the sponsor.,2025-11-17
Note,Check-in call. Client asked to shift a session to accommodate their planning cycle.,2025-11-17
Note,Closed won. Cohort size and start date confirmed with the sponsor.,2025-11-17
Meeting,Proposal review,2025-11-17
Meeting,Engagement review,2025-11-17
Meeting,Engagement review,2025-11-17
Note,Lost — wanted consultants with deeper sector-specific experience.,2025-11-18
Call,Engagement check-in,2025-11-19
Call,Discovery call,2025-11-19
Meeting,Engagement review,2025-11-19
Meeting,Engagement review,2025-11-19
Note,Follow-up on outstanding questions about measurement and how we report progress to their board.,2025-11-20
Note,"Emailed the proposal with cohort size, session cadence and consultant profile.",2025-11-21
Note,Closed won. Cohort size and start date confirmed with the sponsor.,2025-11-21
Meeting,Scoping session,2025-11-21
Note,"Monthly check-in — cohort attendance steady, sponsor happy with progress.",2025-11-24
Note,Closed won. Cohort size and start date confirmed with the sponsor.,2025-11-24
Meeting,Engagement review,2025-11-26
Note,Shared two anonymised case studies from similar-stage organizations.,2025-11-28
Note,Agreement signed. Handing to delivery for consultant assignment and kickoff scheduling.,2025-12-01
Note,"Progress review: managers applying the feedback model, early behaviour change visible.",2025-12-01
Call,Engagement check-in,2025-12-01
Note,"Lost — they needed integration with their existing LMS, which we do not support.",2025-12-02
Note,Sent the program outline and a sample cohort schedule.,2025-12-04
Call,Engagement check-in,2025-12-08
Meeting,Engagement review,2025-12-08
Meeting,Engagement review,2025-12-08
Note,Sponsor raised concerns about cohort attendance. Escalating to delivery lead.,2025-12-09
Call,Engagement check-in,2025-12-11
Note,Closed won. Cohort size and start date confirmed with the sponsor.,2025-12-12
Note,Sent the program outline and a sample cohort schedule.,2025-12-15
Note,Client considering pausing the remaining cohort — retention conversation needed.,2025-12-15
Note,Agreement signed. Handing to delivery for consultant assignment and kickoff scheduling.,2025-12-15
Call,Follow-up call,2025-12-15
Call,Engagement check-in,2025-12-15
Call,Discovery call,2025-12-15
Note,Closed won. Cohort size and start date confirmed with the sponsor.,2025-12-16
Meeting,Engagement review,2025-12-17
Meeting,Engagement review,2025-12-17
Meeting,Engagement review,2025-12-18
Note,Closed won. Cohort size and start date confirmed with the sponsor.,2025-12-22
Call,Follow-up call,2025-12-22
Meeting,Scoping session,2025-12-22
Note,Check-in call. Client asked to shift a session to accommodate their planning cycle.,2025-12-23
Note,Agreement signed. Handing to delivery for consultant assignment and kickoff scheduling.,2025-12-26
Call,Engagement check-in,2025-12-26
Note,Closed won. Cohort size and start date confirmed with the sponsor.,2025-12-29
Meeting,Stakeholder alignment,2025-12-29
Meeting,Scoping session,2025-12-29
Call,Follow-up call,2026-01-02
Meeting,Engagement review,2026-01-05
Note,Intro call. Rapid headcount growth has outpaced their management layer; first-time managers are struggling.,2026-01-07
Note,No decision — client paused all L&amp;D spend this quarter.,2026-01-07
Note,"Progress review: managers applying the feedback model, early behaviour change visible.",2026-01-08
Note,Agreement signed. Handing to delivery for consultant assignment and kickoff scheduling.,2026-01-12
Note,Closed won. Cohort size and start date confirmed with the sponsor.,2026-01-13
Call,Engagement check-in,2026-01-13
Call,Follow-up call,2026-01-13
Call,Engagement check-in,2026-01-15
Call,Engagement check-in,2026-01-15
Note,Lost — sponsor felt the facilitator style was not the right fit for their culture.,2026-01-16
Note,"Engagement review — consultant tracking to plan, sponsor satisfied.",2026-01-19
Note,Agreement signed. Handing to delivery for consultant assignment and kickoff scheduling.,2026-01-19
Call,Engagement check-in,2026-01-19
Call,Engagement check-in,2026-01-19
Call,Engagement check-in,2026-01-20
Call,Follow-up call,2026-01-22
Note,"Progress review: managers applying the feedback model, early behaviour change visible.",2026-01-26
Note,Closed won. Cohort size and start date confirmed with the sponsor.,2026-01-26
Note,"Engagement review — consultant tracking to plan, sponsor satisfied.",2026-01-26
Note,"Progress review: managers applying the feedback model, early behaviour change visible.",2026-01-26
Call,Engagement check-in,2026-01-26
Call,Engagement check-in,2026-01-28
Meeting,Diagnostic readout,2026-01-28
Call,Engagement check-in,2026-01-30
Note,Follow-up on outstanding questions about measurement and how we report progress to their board.,2026-02-02
Note,Agreement signed. Handing to delivery for consultant assignment and kickoff scheduling.,2026-02-02
Note,Closed won. Cohort size and start date confirmed with the sponsor.,2026-02-02
Call,Engagement check-in,2026-02-02
Note,Closed won. Cohort size and start date confirmed with the sponsor.,2026-02-03
Call,Engagement check-in,2026-02-05
Meeting,Engagement review,2026-02-06
Note,"Progress review: managers applying the feedback model, early behaviour change visible.",2026-02-09
Call,Follow-up call,2026-02-09
Call,Follow-up call,2026-02-09
Meeting,Engagement review,2026-02-10
Note,Agreement signed. Handing to delivery for consultant assignment and kickoff scheduling.,2026-02-11
Call,Follow-up call,2026-02-13
Note,"Lost — they needed integration with their existing LMS, which we do not support.",2026-02-16
Call,Engagement check-in,2026-02-18
Note,Agreement signed. Handing to delivery for consultant assignment and kickoff scheduling.,2026-02-19
Note,"Progress review: managers applying the feedback model, early behaviour change visible.",2026-02-20
Note,Agreement signed. Handing to delivery for consultant assignment and kickoff scheduling.,2026-02-23
Call,Engagement check-in,2026-02-23
Meeting,Diagnostic readout,2026-02-23
Note,Closed won. Cohort size and start date confirmed with the sponsor.,2026-02-25
Meeting,Proposal review,2026-02-26
Call,Follow-up call,2026-02-27
Call,Engagement check-in,2026-03-03
Note,"Progress review: managers applying the feedback model, early behaviour change visible.",2026-03-06
Call,Discovery call,2026-03-06
Call,Engagement check-in,2026-03-09
Call,Discovery call,2026-03-09
Note,"Monthly check-in — cohort attendance steady, sponsor happy with progress.",2026-03-10
Call,Follow-up call,2026-03-10
Call,Engagement check-in,2026-03-12
Meeting,Engagement review,2026-03-12
Note,"Engagement review — consultant tracking to plan, sponsor satisfied.",2026-03-13
Note,Check-in call. Client asked to shift a session to accommodate their planning cycle.,2026-03-13
Note,"Engagement review — consultant tracking to plan, sponsor satisfied.",2026-03-13
Meeting,Engagement review,2026-03-13
Note,Agreement signed. Handing to delivery for consultant assignment and kickoff scheduling.,2026-03-16
Note,Closed won. Cohort size and start date confirmed with the sponsor.,2026-03-16
Call,Follow-up call,2026-03-16
Meeting,Engagement review,2026-03-16
Note,Agreement signed. Handing to delivery for consultant assignment and kickoff scheduling.,2026-03-17
Call,Engagement check-in,2026-03-17
Meeting,Engagement review,2026-03-17
Note,Closed won. Cohort size and start date confirmed with the sponsor.,2026-03-18
Call,Engagement check-in,2026-03-18
Note,"Engagement review — consultant tracking to plan, sponsor satisfied.",2026-03-20
Note,"Engagement review — consultant tracking to plan, sponsor satisfied.",2026-03-20
Note,Closed won. Cohort size and start date confirmed with the sponsor.,2026-03-23
Note,"Monthly check-in — cohort attendance steady, sponsor happy with progress.",2026-03-23
Call,Engagement check-in,2026-03-23
Call,Follow-up call,2026-03-23
Call,Follow-up call,2026-03-24
Note,"Monthly check-in — cohort attendance steady, sponsor happy with progress.",2026-03-25
Call,Engagement check-in,2026-03-25
Call,Engagement check-in,2026-03-25
Note,Agreement signed. Handing to delivery for consultant assignment and kickoff scheduling.,2026-03-26
Call,Engagement check-in,2026-03-26
Call,Follow-up call,2026-03-26
Call,Discovery call,2026-03-26
Meeting,Engagement review,2026-03-26
Note,Agreement signed. Handing to delivery for consultant assignment and kickoff scheduling.,2026-03-27
Note,Agreement signed. Handing to delivery for consultant assignment and kickoff scheduling.,2026-03-30
Note,Agreement signed. Handing to delivery for consultant assignment and kickoff scheduling.,2026-03-30
Note,"Monthly check-in — cohort attendance steady, sponsor happy with progress.",2026-03-30
Note,Agreement signed. Handing to delivery for consultant assignment and kickoff scheduling.,2026-03-30
Note,Shared two anonymised case studies from similar-stage organizations.,2026-03-30
Call,Engagement check-in,2026-03-30
Call,Engagement check-in,2026-03-30
Call,Engagement check-in,2026-03-30
Note,Agreement signed. Handing to delivery for consultant assignment and kickoff scheduling.,2026-03-31
Note,Lost — needed delivery across timezones we do not currently staff.,2026-03-31
Call,Follow-up call,2026-03-31
Note,"Discovery call — walked through their org structure, span of control and where decisions stall.",2026-04-02
Note,Check-in call. Client asked to shift a session to accommodate their planning cycle.,2026-04-02
Call,Follow-up call,2026-04-02
Note,Closed won. Cohort size and start date confirmed with the sponsor.,2026-04-03
Note,"Progress review: managers applying the feedback model, early behaviour change visible.",2026-04-03
Note,Check-in call. Client asked to shift a session to accommodate their planning cycle.,2026-04-06
Note,Agreement signed. Handing to delivery for consultant assignment and kickoff scheduling.,2026-04-06
Note,"Monthly check-in — cohort attendance steady, sponsor happy with progress.",2026-04-06
Call,Follow-up call,2026-04-06
Call,Discovery call,2026-04-06
Note,Closed won. Cohort size and start date confirmed with the sponsor.,2026-04-07
Note,Follow-up on outstanding questions about measurement and how we report progress to their board.,2026-04-07
Call,Engagement check-in,2026-04-07
Note,Agreement signed. Handing to delivery for consultant assignment and kickoff scheduling.,2026-04-08
Call,Follow-up call,2026-04-10
Meeting,Diagnostic readout,2026-04-10
Note,Sponsor raised concerns about cohort attendance. Escalating to delivery lead.,2026-04-13
Note,Lost — sponsor felt the facilitator style was not the right fit for their culture.,2026-04-13
Call,Follow-up call,2026-04-13
Call,Engagement check-in,2026-04-14
Note,"Emailed the proposal with cohort size, session cadence and consultant profile.",2026-04-16
Note,Closed won. Cohort size and start date confirmed with the sponsor.,2026-04-16
Note,"Lost — they needed integration with their existing LMS, which we do not support.",2026-04-16
Note,Shared two anonymised case studies from similar-stage organizations.,2026-04-16
Call,Discovery call,2026-04-16
Note,"Monthly check-in — cohort attendance steady, sponsor happy with progress.",2026-04-17
Meeting,Diagnostic readout,2026-04-20
Note,"Progress review: managers applying the feedback model, early behaviour change visible.",2026-04-21
Note,Check-in call. Client asked to shift a session to accommodate their planning cycle.,2026-04-21
Meeting,Engagement review,2026-04-21
Note,Follow-up on outstanding questions about measurement and how we report progress to their board.,2026-04-22
Note,Check-in call. Client asked to shift a session to accommodate their planning cycle.,2026-04-22
Call,Discovery call,2026-04-22
Meeting,Diagnostic readout,2026-04-22
Note,Agreement signed. Handing to delivery for consultant assignment and kickoff scheduling.,2026-04-23
Note,"Discovery call — walked through their org structure, span of control and where decisions stall.",2026-04-24
Note,Closed won. Cohort size and start date confirmed with the sponsor.,2026-04-24
Note,Check-in call. Client asked to shift a session to accommodate their planning cycle.,2026-04-24
Meeting,Diagnostic readout,2026-04-24
Note,"Engagement review — consultant tracking to plan, sponsor satisfied.",2026-04-27
Note,Closed won. Cohort size and start date confirmed with the sponsor.,2026-04-27
Call,Follow-up call,2026-04-27
Meeting,Engagement review,2026-04-27
Note,"Scoping call — mapped the leadership bench, current review cycle and who owns development today.",2026-04-28
Meeting,Scoping session,2026-04-28
Call,Discovery call,2026-04-29
Note,Closed won. Cohort size and start date confirmed with the sponsor.,2026-04-30
Call,Discovery call,2026-04-30
Note,"Progress review: managers applying the feedback model, early behaviour change visible.",2026-05-01
Note,Agreement signed. Handing to delivery for consultant assignment and kickoff scheduling.,2026-05-01
Call,Follow-up call,2026-05-01
Call,Engagement check-in,2026-05-04
Call,Follow-up call,2026-05-04
Call,Engagement check-in,2026-05-04
Note,Check-in call. Client asked to shift a session to accommodate their planning cycle.,2026-05-05
Call,Follow-up call,2026-05-05
Call,Follow-up call,2026-05-05
Meeting,Engagement review,2026-05-05
Note,"Engagement review — consultant tracking to plan, sponsor satisfied.",2026-05-06
Meeting,Stakeholder alignment,2026-05-06
Call,Engagement check-in,2026-05-07
Call,Follow-up call,2026-05-07
Note,Agreement signed. Handing to delivery for consultant assignment and kickoff scheduling.,2026-05-08
Call,Follow-up call,2026-05-08
Call,Engagement check-in,2026-05-08
Note,Agreement signed. Handing to delivery for consultant assignment and kickoff scheduling.,2026-05-11
Note,Agreement signed. Handing to delivery for consultant assignment and kickoff scheduling.,2026-05-11
Note,Closed won. Cohort size and start date confirmed with the sponsor.,2026-05-11
Note,"Discovery — engagement survey scores dropped two quarters running; they want the root cause, not a workshop.",2026-05-11
Note,Lost — wanted consultants with deeper sector-specific experience.,2026-05-11
Note,Two sessions rescheduled by the client; momentum slipping. Account review scheduled.,2026-05-11
Note,"Progress review: managers applying the feedback model, early behaviour change visible.",2026-05-11
Note,Shared two anonymised case studies from similar-stage organizations.,2026-05-11
Call,Engagement check-in,2026-05-11
Call,Engagement check-in,2026-05-11
Call,Engagement check-in,2026-05-11
Call,Engagement check-in,2026-05-11
Call,Engagement check-in,2026-05-11
Call,Follow-up call,2026-05-11
Call,Follow-up call,2026-05-11
Meeting,Diagnostic readout,2026-05-11
Note,Closed won. Cohort size and start date confirmed with the sponsor.,2026-05-12
Note,"Monthly check-in — cohort attendance steady, sponsor happy with progress.",2026-05-12
Call,Discovery call,2026-05-12
Note,Follow-up on outstanding questions about measurement and how we report progress to their board.,2026-05-13
Note,Follow-up on outstanding questions about measurement and how we report progress to their board.,2026-05-13
Note,"Qualification call. Confirmed the sponsor, budget owner and target cohort size.",2026-05-14
Note,Two sessions rescheduled by the client; momentum slipping. Account review scheduled.,2026-05-14
Call,Follow-up call,2026-05-14
Note,Two sessions rescheduled by the client; momentum slipping. Account review scheduled.,2026-05-15
Note,Closed won. Cohort size and start date confirmed with the sponsor.,2026-05-15
Note,"Engagement review — consultant tracking to plan, sponsor satisfied.",2026-05-18
Note,Follow-up on outstanding questions about measurement and how we report progress to their board.,2026-05-18
Note,Sponsor raised concerns about cohort attendance. Escalating to delivery lead.,2026-05-18
Note,"Scoping call — mapped the leadership bench, current review cycle and who owns development today.",2026-05-18
Note,"Progress review: managers applying the feedback model, early behaviour change visible.",2026-05-18
Call,Discovery call,2026-05-18
Note,Closed won. Cohort size and start date confirmed with the sponsor.,2026-05-19
Note,Closed won. Cohort size and start date confirmed with the sponsor.,2026-05-19
Note,Closed won. Cohort size and start date confirmed with the sponsor.,2026-05-19
Note,"Engagement review — consultant tracking to plan, sponsor satisfied.",2026-05-19
Note,Executive sponsor changed mid-engagement; re-selling the value internally.,2026-05-19
Call,Engagement check-in,2026-05-19
Call,Follow-up call,2026-05-19
Note,"Progress review: managers applying the feedback model, early behaviour change visible.",2026-05-20
Note,Check-in call. Client asked to shift a session to accommodate their planning cycle.,2026-05-21
Note,"Monthly check-in — cohort attendance steady, sponsor happy with progress.",2026-05-21
Note,Agreement signed. Handing to delivery for consultant assignment and kickoff scheduling.,2026-05-21
Call,Follow-up call,2026-05-21
Call,Discovery call,2026-05-21
Note,"Engagement review — consultant tracking to plan, sponsor satisfied.",2026-05-22
Call,Engagement check-in,2026-05-22
Meeting,Proposal review,2026-05-22
Note,Client considering pausing the remaining cohort — retention conversation needed.,2026-05-25
Note,Agreement signed. Handing to delivery for consultant assignment and kickoff scheduling.,2026-05-25
Note,"Progress review: managers applying the feedback model, early behaviour change visible.",2026-05-25
Note,Shared two anonymised case studies from similar-stage organizations.,2026-05-25
Note,"Scoping call — mapped the leadership bench, current review cycle and who owns development today.",2026-05-25
Call,Engagement check-in,2026-05-25
Call,Engagement check-in,2026-05-25
Call,Engagement check-in,2026-05-25
Meeting,Stakeholder alignment,2026-05-25
Note,Closed won. Cohort size and start date confirmed with the sponsor.,2026-05-26
Call,Engagement check-in,2026-05-26
Meeting,Scoping session,2026-05-26
Note,"Emailed the proposal with cohort size, session cadence and consultant profile.",2026-05-27
Note,Client considering pausing the remaining cohort — retention conversation needed.,2026-05-27
Call,Discovery call,2026-05-27
Note,Agreement signed. Handing to delivery for consultant assignment and kickoff scheduling.,2026-05-28
Note,"Progress review: managers applying the feedback model, early behaviour change visible.",2026-05-28
Call,Engagement check-in,2026-05-29
Call,Follow-up call,2026-05-29
Note,Agreement signed. Handing to delivery for consultant assignment and kickoff scheduling.,2026-06-01
Note,Agreement signed. Handing to delivery for consultant assignment and kickoff scheduling.,2026-06-01
Note,"Engagement review — consultant tracking to plan, sponsor satisfied.",2026-06-01
Note,Agreement signed. Handing to delivery for consultant assignment and kickoff scheduling.,2026-06-01
Call,Discovery call,2026-06-01
Call,Discovery call,2026-06-01
Meeting,Scoping session,2026-06-01
Meeting,Stakeholder alignment,2026-06-01
Note,Sent the program outline and a sample cohort schedule.,2026-06-02
Note,"Progress review: managers applying the feedback model, early behaviour change visible.",2026-06-02
Call,Engagement check-in,2026-06-02
Note,Intro call. Rapid headcount growth has outpaced their management layer; first-time managers are struggling.,2026-06-03
Meeting,Proposal review,2026-06-03
Meeting,Stakeholder alignment,2026-06-03
Note,"Discovery — engagement survey scores dropped two quarters running; they want the root cause, not a workshop.",2026-06-04
Note,"Qualification call. Confirmed the sponsor, budget owner and target cohort size.",2026-06-04
Note,Closed won. Cohort size and start date confirmed with the sponsor.,2026-06-04
Call,Follow-up call,2026-06-04
Note,Sent the program outline and a sample cohort schedule.,2026-06-05
Note,Closed won. Cohort size and start date confirmed with the sponsor.,2026-06-05
Note,"Monthly check-in — cohort attendance steady, sponsor happy with progress.",2026-06-05
Meeting,Engagement review,2026-06-05
Note,Agreement signed. Handing to delivery for consultant assignment and kickoff scheduling.,2026-06-08
Note,Agreement signed. Handing to delivery for consultant assignment and kickoff scheduling.,2026-06-08
Note,Agreement signed. Handing to delivery for consultant assignment and kickoff scheduling.,2026-06-08
Note,Sent the program outline and a sample cohort schedule.,2026-06-08
Note,Check-in call. Client asked to shift a session to accommodate their planning cycle.,2026-06-08
Note,"Discovery call — walked through their org structure, span of control and where decisions stall.",2026-06-08
Call,Follow-up call,2026-06-08
Call,Follow-up call,2026-06-08
Meeting,Stakeholder alignment,2026-06-08
Meeting,Stakeholder alignment,2026-06-08
Note,Closed won. Cohort size and start date confirmed with the sponsor.,2026-06-09
Note,"Discovery — engagement survey scores dropped two quarters running; they want the root cause, not a workshop.",2026-06-09
Call,Engagement check-in,2026-06-09
Call,Follow-up call,2026-06-09
Note,Shared two anonymised case studies from similar-stage organizations.,2026-06-10
Note,Closed won. Cohort size and start date confirmed with the sponsor.,2026-06-10
Call,Engagement check-in,2026-06-11
Call,Discovery call,2026-06-11
Call,Follow-up call,2026-06-11
Note,Intro call. Rapid headcount growth has outpaced their management layer; first-time managers are struggling.,2026-06-12
Call,Engagement check-in,2026-06-12
Call,Follow-up call,2026-06-12
Call,Follow-up call,2026-06-12
Note,Agreement signed. Handing to delivery for consultant assignment and kickoff scheduling.,2026-06-15
Note,"Engagement review — consultant tracking to plan, sponsor satisfied.",2026-06-15
Note,"Lost — they needed integration with their existing LMS, which we do not support.",2026-06-15
Call,Engagement check-in,2026-06-15
Call,Follow-up call,2026-06-15
Call,Follow-up call,2026-06-15
Meeting,Proposal review,2026-06-15
Meeting,Scoping session,2026-06-15
Meeting,Proposal review,2026-06-15
Meeting,Diagnostic readout,2026-06-15
Note,Check-in call. Client asked to shift a session to accommodate their planning cycle.,2026-06-16
Call,Discovery call,2026-06-16
Meeting,Stakeholder alignment,2026-06-16
Call,Engagement check-in,2026-06-17
Call,Follow-up call,2026-06-17
Meeting,Diagnostic readout,2026-06-17
Call,Follow-up call,2026-06-18
Note,Closed won. Cohort size and start date confirmed with the sponsor.,2026-06-19
Call,Follow-up call,2026-06-19
Call,Discovery call,2026-06-19
Note,"Engagement review — consultant tracking to plan, sponsor satisfied.",2026-06-22
Note,Check-in call. Client asked to shift a session to accommodate their planning cycle.,2026-06-22
Note,Agreement signed. Handing to delivery for consultant assignment and kickoff scheduling.,2026-06-22
Note,Follow-up on outstanding questions about measurement and how we report progress to their board.,2026-06-22
Note,Closed won. Cohort size and start date confirmed with the sponsor.,2026-06-22
Call,Discovery call,2026-06-22
Call,Follow-up call,2026-06-22
Call,Follow-up call,2026-06-22
Meeting,Stakeholder alignment,2026-06-22
Note,No decision — client paused all L&amp;D spend this quarter.,2026-06-23
Call,Engagement check-in,2026-06-23
Call,Discovery call,2026-06-23
Call,Follow-up call,2026-06-23
Call,Follow-up call,2026-06-23
Note,Agreement signed. Handing to delivery for consultant assignment and kickoff scheduling.,2026-06-24
Note,"Monthly check-in — cohort attendance steady, sponsor happy with progress.",2026-06-24
Note,"Scoping call — mapped the leadership bench, current review cycle and who owns development today.",2026-06-24
Call,Follow-up call,2026-06-24
Call,Discovery call,2026-06-24
Call,Follow-up call,2026-06-24
Note,Shared two anonymised case studies from similar-stage organizations.,2026-06-25
Note,Follow-up on outstanding questions about measurement and how we report progress to their board.,2026-06-25
Note,Follow-up on outstanding questions about measurement and how we report progress to their board.,2026-06-25
Note,Intro call. Rapid headcount growth has outpaced their management layer; first-time managers are struggling.,2026-06-25
Call,Engagement check-in,2026-06-25
Call,Follow-up call,2026-06-25
Meeting,Diagnostic readout,2026-06-25
Meeting,Engagement review,2026-06-25
Meeting,Engagement review,2026-06-25
Note,"Progress review: managers applying the feedback model, early behaviour change visible.",2026-06-26
Note,Shared two anonymised case studies from similar-stage organizations.,2026-06-26
Note,"Discovery — engagement survey scores dropped two quarters running; they want the root cause, not a workshop.",2026-06-26
Note,Shared two anonymised case studies from similar-stage organizations.,2026-06-26
Call,Discovery call,2026-06-26
Meeting,Engagement review,2026-06-26
Note,Agreement signed. Handing to delivery for consultant assignment and kickoff scheduling.,2026-06-29
Note,Agreement signed. Handing to delivery for consultant assignment and kickoff scheduling.,2026-06-29
Note,Lost — sponsor felt the facilitator style was not the right fit for their culture.,2026-06-29
Note,Sent the program outline and a sample cohort schedule.,2026-06-29
Note,"Discovery call — walked through their org structure, span of control and where decisions stall.",2026-06-29
Note,Sent the program outline and a sample cohort schedule.,2026-06-29
Note,"Emailed the proposal with cohort size, session cadence and consultant profile.",2026-06-29
Note,"Qualification call. Confirmed the sponsor, budget owner and target cohort size.",2026-06-29
Call,Engagement check-in,2026-06-29
Call,Discovery call,2026-06-29
Call,Discovery call,2026-06-29
Call,Follow-up call,2026-06-29
Call,Follow-up call,2026-06-29
Call,Follow-up call,2026-06-29
Call,Engagement check-in,2026-06-29
Call,Follow-up call,2026-06-29
Meeting,Stakeholder alignment,2026-06-29
Meeting,Scoping session,2026-06-29
Meeting,Engagement review,2026-06-29
Note,"Engagement review — consultant tracking to plan, sponsor satisfied.",2026-06-30
Note,Check-in call. Client asked to shift a session to accommodate their planning cycle.,2026-06-30
Note,Lost — needed delivery across timezones we do not currently staff.,2026-06-30
Call,Follow-up call,2026-06-30
Call,Discovery call,2026-06-30
Call,Discovery call,2026-06-30
Meeting,Engagement review,2026-06-30
Meeting,Diagnostic readout,2026-06-30
Note,Shared two anonymised case studies from similar-stage organizations.,2026-07-01
Note,Agreement signed. Handing to delivery for consultant assignment and kickoff scheduling.,2026-07-01
Note,"Progress review: managers applying the feedback model, early behaviour change visible.",2026-07-01
Note,"Discovery — engagement survey scores dropped two quarters running; they want the root cause, not a workshop.",2026-07-01
Call,Follow-up call,2026-07-01
Call,Follow-up call,2026-07-01
Call,Follow-up call,2026-07-01
Note,"Discovery call — walked through their org structure, span of control and where decisions stall.",2026-07-02
Call,Discovery call,2026-07-02
Call,Engagement check-in,2026-07-02
Meeting,Stakeholder alignment,2026-07-02
Meeting,Scoping session,2026-07-02
Meeting,Engagement review,2026-07-02
Meeting,Engagement review,2026-07-02
Note,"Progress review: managers applying the feedback model, early behaviour change visible.",2026-07-03
Call,Discovery call,2026-07-03
Call,Engagement check-in,2026-07-03
Call,Follow-up call,2026-07-03
Call,Discovery call,2026-07-03
Call,Discovery call,2026-07-03
Note,"Scoping call — mapped the leadership bench, current review cycle and who owns development today.",2026-07-06
Note,"Discovery call — walked through their org structure, span of control and where decisions stall.",2026-07-06
Note,Check-in call. Client asked to shift a session to accommodate their planning cycle.,2026-07-06
Note,"Discovery call — walked through their org structure, span of control and where decisions stall.",2026-07-06
Note,Agreement signed. Handing to delivery for consultant assignment and kickoff scheduling.,2026-07-06
Note,"Engagement review — consultant tracking to plan, sponsor satisfied.",2026-07-06
Note,Agreement signed. Handing to delivery for consultant assignment and kickoff scheduling.,2026-07-06
Note,"Discovery call — walked through their org structure, span of control and where decisions stall.",2026-07-06
Call,Engagement check-in,2026-07-06
Call,Discovery call,2026-07-06
Call,Engagement check-in,2026-07-06
Call,Follow-up call,2026-07-06
Call,Engagement check-in,2026-07-06
Note,"Progress review: managers applying the feedback model, early behaviour change visible.",2026-07-07
Note,"Monthly check-in — cohort attendance steady, sponsor happy with progress.",2026-07-07
Note,"Discovery call — walked through their org structure, span of control and where decisions stall.",2026-07-07
Note,"Scoping call — mapped the leadership bench, current review cycle and who owns development today.",2026-07-07
Note,"Engagement review — consultant tracking to plan, sponsor satisfied.",2026-07-07
Call,Discovery call,2026-07-07
Call,Follow-up call,2026-07-07
Call,Discovery call,2026-07-07
Meeting,Scoping session,2026-07-07
Meeting,Proposal review,2026-07-07
Meeting,Diagnostic readout,2026-07-07
Note,Agreement signed. Handing to delivery for consultant assignment and kickoff scheduling.,2026-07-08
Note,Intro call. Rapid headcount growth has outpaced their management layer; first-time managers are struggling.,2026-07-08
Note,Closed won. Cohort size and start date confirmed with the sponsor.,2026-07-08
Note,"Engagement review — consultant tracking to plan, sponsor satisfied.",2026-07-08
Note,"Engagement review — consultant tracking to plan, sponsor satisfied.",2026-07-08
Note,Sent the program outline and a sample cohort schedule.,2026-07-08
Note,"Qualification call. Confirmed the sponsor, budget owner and target cohort size.",2026-07-08
Call,Engagement check-in,2026-07-08
Call,Follow-up call,2026-07-08
Meeting,Engagement review,2026-07-08
Meeting,Proposal review,2026-07-08
Meeting,Diagnostic readout,2026-07-08
Note,"Engagement review — consultant tracking to plan, sponsor satisfied.",2026-07-09
Call,Engagement check-in,2026-07-09
Call,Engagement check-in,2026-07-09
Call,Follow-up call,2026-07-09
Meeting,Scoping session,2026-07-09
Meeting,Stakeholder alignment,2026-07-09
Note,"Emailed the proposal with cohort size, session cadence and consultant profile.",2026-07-10
Note,Follow-up on outstanding questions about measurement and how we report progress to their board.,2026-07-10
Note,"Progress review: managers applying the feedback model, early behaviour change visible.",2026-07-10
Note,Agreement signed. Handing to delivery for consultant assignment and kickoff scheduling.,2026-07-10
Call,Follow-up call,2026-07-10
Call,Follow-up call,2026-07-10
Meeting,Scoping session,2026-07-10
Meeting,Stakeholder alignment,2026-07-10
Note,"Discovery — engagement survey scores dropped two quarters running; they want the root cause, not a workshop.",2026-07-13
Note,Closed won. Cohort size and start date confirmed with the sponsor.,2026-07-13
Note,Check-in call. Client asked to shift a session to accommodate their planning cycle.,2026-07-13
Note,Follow-up on outstanding questions about measurement and how we report progress to their board.,2026-07-13
Note,Check-in call. Client asked to shift a session to accommodate their planning cycle.,2026-07-13
Note,Agreement signed. Handing to delivery for consultant assignment and kickoff scheduling.,2026-07-13
Note,"Emailed the proposal with cohort size, session cadence and consultant profile.",2026-07-13
Note,Shared two anonymised case studies from similar-stage organizations.,2026-07-13
Call,Discovery call,2026-07-13
Call,Engagement check-in,2026-07-13
Call,Engagement check-in,2026-07-13
Call,Follow-up call,2026-07-13
Call,Discovery call,2026-07-13
Call,Discovery call,2026-07-13
Call,Follow-up call,2026-07-13
Call,Engagement check-in,2026-07-13
Call,Engagement check-in,2026-07-13
Call,Follow-up call,2026-07-13
Meeting,Diagnostic readout,2026-07-13
Meeting,Scoping session,2026-07-13
Meeting,Scoping session,2026-07-13
Meeting,Proposal review,2026-07-13
Meeting,Engagement review,2026-07-13
Note,Shared two anonymised case studies from similar-stage organizations.,2026-07-14
Note,"Emailed the proposal with cohort size, session cadence and consultant profile.",2026-07-14
Note,"Monthly check-in — cohort attendance steady, sponsor happy with progress.",2026-07-14
Note,Shared two anonymised case studies from similar-stage organizations.,2026-07-14
Note,Closed won. Cohort size and start date confirmed with the sponsor.,2026-07-14
Note,"Monthly check-in — cohort attendance steady, sponsor happy with progress.",2026-07-14
Note,Follow-up on outstanding questions about measurement and how we report progress to their board.,2026-07-14
Note,"Discovery call — walked through their org structure, span of control and where decisions stall.",2026-07-14
Call,Follow-up call,2026-07-14
Call,Follow-up call,2026-07-14
Call,Follow-up call,2026-07-14
Meeting,Stakeholder alignment,2026-07-14
Note,"Qualification call. Confirmed the sponsor, budget owner and target cohort size.",2026-07-15
Note,Agreement signed. Handing to delivery for consultant assignment and kickoff scheduling.,2026-07-15
Note,Shared two anonymised case studies from similar-stage organizations.,2026-07-15
Note,Closed won. Cohort size and start date confirmed with the sponsor.,2026-07-15
Call,Engagement check-in,2026-07-15
Call,Engagement check-in,2026-07-15
Meeting,Diagnostic readout,2026-07-15
Meeting,Stakeholder alignment,2026-07-15
Note,"Discovery — engagement survey scores dropped two quarters running; they want the root cause, not a workshop.",2026-07-16
Note,"Emailed the proposal with cohort size, session cadence and consultant profile.",2026-07-16
Note,"Progress review: managers applying the feedback model, early behaviour change visible.",2026-07-16
Call,Engagement check-in,2026-07-16
Call,Follow-up call,2026-07-16
Call,Follow-up call,2026-07-16
Call,Follow-up call,2026-07-16
Call,Discovery call,2026-07-16
Call,Engagement check-in,2026-07-16
Call,Follow-up call,2026-07-16
Meeting,Scoping session,2026-07-16
Meeting,Scoping session,2026-07-16
Meeting,Stakeholder alignment,2026-07-16
Meeting,Proposal review,2026-07-16
Meeting,Diagnostic readout,2026-07-16
Meeting,Stakeholder alignment,2026-07-16
Meeting,Stakeholder alignment,2026-07-16
Note,"Emailed the proposal with cohort size, session cadence and consultant profile.",2026-07-17
Call,Follow-up call,2026-07-17
Call,Engagement check-in,2026-07-17
Call,Follow-up call,2026-07-17
Call,Engagement check-in,2026-07-17
Meeting,Diagnostic readout,2026-07-17
Meeting,Stakeholder alignment,2026-07-17
Note,"Progress review: managers applying the feedback model, early behaviour change visible.",2026-07-20
Note,Closed won. Cohort size and start date confirmed with the sponsor.,2026-07-20
Note,Closed won. Cohort size and start date confirmed with the sponsor.,2026-07-20
Note,Agreement signed. Handing to delivery for consultant assignment and kickoff scheduling.,2026-07-20
Note,Follow-up on outstanding questions about measurement and how we report progress to their board.,2026-07-20
Note,Closed won. Cohort size and start date confirmed with the sponsor.,2026-07-20
Note,"Emailed the proposal with cohort size, session cadence and consultant profile.",2026-07-20
Note,Follow-up on outstanding questions about measurement and how we report progress to their board.,2026-07-20
Call,Follow-up call,2026-07-20
Call,Discovery call,2026-07-20
Call,Engagement check-in,2026-07-20
Call,Follow-up call,2026-07-20
Call,Follow-up call,2026-07-20
Call,Engagement check-in,2026-07-20
Call,Follow-up call,2026-07-20
Call,Follow-up call,2026-07-20
Call,Discovery call,2026-07-20
Call,Follow-up call,2026-07-20
Call,Discovery call,2026-07-20
Note,Closed won. Cohort size and start date confirmed with the sponsor.,2026-07-21
Note,"Emailed the proposal with cohort size, session cadence and consultant profile.",2026-07-21
Call,Discovery call,2026-07-21
Call,Engagement check-in,2026-07-21
Call,Follow-up call,2026-07-21
Call,Follow-up call,2026-07-21
Call,Engagement check-in,2026-07-21
Meeting,Proposal review,2026-07-21
Note,Agreement signed. Handing to delivery for consultant assignment and kickoff scheduling.,2026-07-22
Note,Sent the program outline and a sample cohort schedule.,2026-07-22
Note,"Progress review: managers applying the feedback model, early behaviour change visible.",2026-07-22
Note,Follow-up on outstanding questions about measurement and how we report progress to their board.,2026-07-22
Note,Follow-up on outstanding questions about measurement and how we report progress to their board.,2026-07-22
Call,Follow-up call,2026-07-22
Note,Agreement signed. Handing to delivery for consultant assignment and kickoff scheduling.,2026-07-23
Note,Sent the program outline and a sample cohort schedule.,2026-07-23
Note,Agreement signed. Handing to delivery for consultant assignment and kickoff scheduling.,2026-07-23
Note,Sent the program outline and a sample cohort schedule.,2026-07-23
Call,Follow-up call,2026-07-23
Call,Follow-up call,2026-07-23
Call,Follow-up call,2026-07-23
Call,Engagement check-in,2026-07-23
Meeting,Stakeholder alignment,2026-07-23
Meeting,Scoping session,2026-07-23
Note,Agreement signed. Handing to delivery for consultant assignment and kickoff scheduling.,2026-07-24
Note,Agreement signed. Handing to delivery for consultant assignment and kickoff scheduling.,2026-07-24
Note,Closed won. Cohort size and start date confirmed with the sponsor.,2026-07-24
Note,Follow-up on outstanding questions about measurement and how we report progress to their board.,2026-07-24
Note,"Emailed the proposal with cohort size, session cadence and consultant profile.",2026-07-24
Call,Engagement check-in,2026-07-24
Call,Follow-up call,2026-07-24
Call,Follow-up call,2026-07-24
Call,Follow-up call,2026-07-24
Call,Follow-up call,2026-07-24
Note,Sent the program outline and a sample cohort schedule.,2026-07-27
Note,Follow-up on outstanding questions about measurement and how we report progress to their board.,2026-07-27
Note,Shared two anonymised case studies from similar-stage organizations.,2026-07-27
Note,"Discovery — engagement survey scores dropped two quarters running; they want the root cause, not a workshop.",2026-07-27
Note,"Engagement review — consultant tracking to plan, sponsor satisfied.",2026-07-27
Note,"Emailed the proposal with cohort size, session cadence and consultant profile.",2026-07-27
Note,Sent the program outline and a sample cohort schedule.,2026-07-27
Note,Sent the program outline and a sample cohort schedule.,2026-07-27
Note,"Scoping call — mapped the leadership bench, current review cycle and who owns development today.",2026-07-27
Note,"Discovery — engagement survey scores dropped two quarters running; they want the root cause, not a workshop.",2026-07-27
Call,Follow-up call,2026-07-27
Call,Follow-up call,2026-07-27
Call,Follow-up call,2026-07-27
Call,Follow-up call,2026-07-27
Call,Follow-up call,2026-07-27
Call,Follow-up call,2026-07-27
Call,Follow-up call,2026-07-27
Meeting,Stakeholder alignment,2026-07-27
Meeting,Proposal review,2026-07-27
Meeting,Diagnostic readout,2026-07-27
Meeting,Diagnostic readout,2026-07-27
Meeting,Proposal review,2026-07-27
Note,"Engagement review — consultant tracking to plan, sponsor satisfied.",2026-07-28
Note,"Emailed the proposal with cohort size, session cadence and consultant profile.",2026-07-28
Note,"Emailed the proposal with cohort size, session cadence and consultant profile.",2026-07-28
Note,"Discovery call — walked through their org structure, span of control and where decisions stall.",2026-07-28
Call,Follow-up call,2026-07-28
Call,Follow-up call,2026-07-28
Call,Discovery call,2026-07-28
Call,Follow-up call,2026-07-28
Meeting,Stakeholder alignment,2026-07-28
Meeting,Engagement review,2026-07-28
Meeting,Scoping session,2026-07-28
Note,Follow-up on outstanding questions about measurement and how we report progress to their board.,2026-07-29
Call,Follow-up call,2026-07-29
Call,Follow-up call,2026-07-29
Call,Engagement check-in,2026-07-29
Meeting,Diagnostic readout,2026-07-29
Note,"Monthly check-in — cohort attendance steady, sponsor happy with progress.",2026-07-30
Note,Follow-up on outstanding questions about measurement and how we report progress to their board.,2026-07-30
Note,"Scoping call — mapped the leadership bench, current review cycle and who owns development today.",2026-07-30
Call,Follow-up call,2026-07-30
Call,Engagement check-in,2026-07-30
Call,Follow-up call,2026-07-30
Call,Follow-up call,2026-07-30
Call,Follow-up call,2026-07-30
Call,Follow-up call,2026-07-30
Meeting,Diagnostic readout,2026-07-30
Meeting,Stakeholder alignment,2026-07-30
Meeting,Engagement review,2026-07-30
Note,Shared two anonymised case studies from similar-stage organizations.,2026-07-31
Note,"Discovery call — walked through their org structure, span of control and where decisions stall.",2026-07-31
Call,Follow-up call,2026-07-31
Call,Follow-up call,2026-07-31
Call,Follow-up call,2026-07-31
Call,Follow-up call,2026-07-31
Call,Follow-up call,2026-07-31
Call,Engagement check-in,2026-07-31
Call,Follow-up call,2026-07-31
Meeting,Engagement review,2026-07-31
Meeting,Scoping session,2026-07-31
Note,Follow-up on outstanding questions about measurement and how we report progress to their board.,2026-08-03
Note,"Qualification call. Confirmed the sponsor, budget owner and target cohort size.",2026-08-03
Note,"Monthly check-in — cohort attendance steady, sponsor happy with progress.",2026-08-03
Note,Agreement signed. Handing to delivery for consultant assignment and kickoff scheduling.,2026-08-03
Note,Closed won. Cohort size and start date confirmed with the sponsor.,2026-08-03
Note,Shared two anonymised case studies from similar-stage organizations.,2026-08-03
Note,Agreement signed. Handing to delivery for consultant assignment and kickoff scheduling.,2026-08-03
Note,"Discovery — engagement survey scores dropped two quarters running; they want the root cause, not a workshop.",2026-08-03
Note,Follow-up on outstanding questions about measurement and how we report progress to their board.,2026-08-03
Call,Follow-up call,2026-08-03
Call,Follow-up call,2026-08-03
Call,Follow-up call,2026-08-03
Call,Follow-up call,2026-08-03
Call,Follow-up call,2026-08-03
Call,Follow-up call,2026-08-03
Call,Follow-up call,2026-08-03
Call,Follow-up call,2026-08-03
Call,Follow-up call,2026-08-03
Call,Follow-up call,2026-08-03
Call,Follow-up call,2026-08-03
Call,Engagement check-in,2026-08-03
Call,Follow-up call,2026-08-03
Call,Follow-up call,2026-08-03
Call,Follow-up call,2026-08-03
Call,Follow-up call,2026-08-03
Meeting,Diagnostic readout,2026-08-03
Meeting,Diagnostic readout,2026-08-03
Meeting,Proposal review,2026-08-03
Meeting,Diagnostic readout,2026-08-03
Meeting,Stakeholder alignment,2026-08-03
Meeting,Diagnostic readout,2026-08-03
Meeting,Proposal review,2026-08-03
Meeting,Proposal review,2026-08-03
Meeting,Scoping session,2026-08-03
Meeting,Scoping session,2026-08-03
Note,Agreement signed. Handing to delivery for consultant assignment and kickoff scheduling.,2026-08-04
Note,Shared two anonymised case studies from similar-stage organizations.,2026-08-04
Note,Sent the program outline and a sample cohort schedule.,2026-08-04
Note,Check-in call. Client asked to shift a session to accommodate their planning cycle.,2026-08-04
Note,"Emailed the proposal with cohort size, session cadence and consultant profile.",2026-08-04
Note,Sent the program outline and a sample cohort schedule.,2026-08-04
Call,Follow-up call,2026-08-04
Call,Follow-up call,2026-08-04
Call,Follow-up call,2026-08-04
Meeting,Stakeholder alignment,2026-08-04
Meeting,Diagnostic readout,2026-08-04
Meeting,Stakeholder alignment,2026-08-04
Note,Follow-up on outstanding questions about measurement and how we report progress to their board.,2026-08-05
Note,Follow-up on outstanding questions about measurement and how we report progress to their board.,2026-08-05
Note,"Emailed the proposal with cohort size, session cadence and consultant profile.",2026-08-05
Note,Sent the program outline and a sample cohort schedule.,2026-08-05
Note,Follow-up on outstanding questions about measurement and how we report progress to their board.,2026-08-05
Call,Discovery call,2026-08-05
Call,Follow-up call,2026-08-05
Call,Follow-up call,2026-08-05
Call,Follow-up call,2026-08-05
Call,Follow-up call,2026-08-05
Call,Follow-up call,2026-08-05
Meeting,Diagnostic readout,2026-08-05
Meeting,Diagnostic readout,2026-08-05
Meeting,Diagnostic readout,2026-08-05
Note,Sent the program outline and a sample cohort schedule.,2026-08-06
Note,"Engagement review — consultant tracking to plan, sponsor satisfied.",2026-08-06
Call,Follow-up call,2026-08-06
Call,Follow-up call,2026-08-06
Call,Follow-up call,2026-08-06
Meeting,Stakeholder alignment,2026-08-06
Meeting,Proposal review,2026-08-06
Note,Sent the program outline and a sample cohort schedule.,2026-08-07
Note,Sent the program outline and a sample cohort schedule.,2026-08-07
Call,Follow-up call,2026-08-07
Meeting,Scoping session,2026-08-07
Meeting,Diagnostic readout,2026-08-07
Task,(Sample task) Prepare quote for Maria Johnson (Sample Contact),2026-08-09
Task,(Sample task) Follow up with Brian,2026-08-09
Note,Follow-up on outstanding questions about measurement and how we report progress to their board.,2026-08-10
Note,"Emailed the proposal with cohort size, session cadence and consultant profile.",2026-08-10
Note,Shared two anonymised case studies from similar-stage organizations.,2026-08-10
Note,Shared two anonymised case studies from similar-stage organizations.,2026-08-10
Note,Shared two anonymised case studies from similar-stage organizations.,2026-08-10
Note,Follow-up on outstanding questions about measurement and how we report progress to their board.,2026-08-10
Note,Follow-up on outstanding questions about measurement and how we report progress to their board.,2026-08-10
Note,Agreement signed. Handing to delivery for consultant assignment and kickoff scheduling.,2026-08-10
Note,Shared two anonymised case studies from similar-stage organizations.,2026-08-10
Note,"Emailed the proposal with cohort size, session cadence and consultant profile.",2026-08-10
Note,Sent the program outline and a sample cohort schedule.,2026-08-10
Note,"Emailed the proposal with cohort size, session cadence and consultant profile.",2026-08-10
Call,Follow-up call,2026-08-10
Call,Follow-up call,2026-08-10
Call,Follow-up call,2026-08-10
Call,Follow-up call,2026-08-10
Call,Follow-up call,2026-08-10
Call,Follow-up call,2026-08-10
Call,Follow-up call,2026-08-10
Call,Follow-up call,2026-08-10
Call,Follow-up call,2026-08-10
Call,Follow-up call,2026-08-10
Call,Follow-up call,2026-08-10
Call,Follow-up call,2026-08-10
Meeting,Diagnostic readout,2026-08-10
Meeting,Diagnostic readout,2026-08-10
Meeting,Stakeholder alignment,2026-08-10
Meeting,Scoping session,2026-08-10
Meeting,Diagnostic readout,2026-08-10
Meeting,Stakeholder alignment,2026-08-10
Meeting,Stakeholder alignment,2026-08-10
Meeting,Stakeholder alignment,2026-08-10
Note,Shared two anonymised case studies from similar-stage organizations.,2026-08-11
Note,Sent the program outline and a sample cohort schedule.,2026-08-11
Note,Sent the program outline and a sample cohort schedule.,2026-08-11
Call,Follow-up call,2026-08-11
Call,Follow-up call,2026-08-11
Call,Follow-up call,2026-08-11
Call,Follow-up call,2026-08-11
Call,Follow-up call,2026-08-11
Call,Follow-up call,2026-08-11
Meeting,Proposal review,2026-08-11
Meeting,Proposal review,2026-08-11
Note,Shared two anonymised case studies from similar-stage organizations.,2026-08-12
Note,Shared two anonymised case studies from similar-stage organizations.,2026-08-12
Note,Follow-up on outstanding questions about measurement and how we report progress to their board.,2026-08-12
Call,Follow-up call,2026-08-12
Call,Follow-up call,2026-08-12
Call,Follow-up call,2026-08-12
Call,Follow-up call,2026-08-12
Meeting,Scoping session,2026-08-12
Meeting,Diagnostic readout,2026-08-12
Meeting,Scoping session,2026-08-12
Note,Follow-up on outstanding questions about measurement and how we report progress to their board.,2026-08-13
Note,"Emailed the proposal with cohort size, session cadence and consultant profile.",2026-08-13
Note,"Emailed the proposal with cohort size, session cadence and consultant profile.",2026-08-13
Note,Sent the program outline and a sample cohort schedule.,2026-08-13
Call,Follow-up call,2026-08-13
Call,Follow-up call,2026-08-13
Call,Follow-up call,2026-08-13
Meeting,Diagnostic readout,2026-08-13
Meeting,Diagnostic readout,2026-08-13
Note,Shared two anonymised case studies from similar-stage organizations.,2026-08-14
Note,"Emailed the proposal with cohort size, session cadence and consultant profile.",2026-08-14
Note,Sent the program outline and a sample cohort schedule.,2026-08-14
Note,Intro call. Rapid headcount growth has outpaced their management layer; first-time managers are struggling.,2026-08-14
Note,"Emailed the proposal with cohort size, session cadence and consultant profile.",2026-08-14
Call,Follow-up call,2026-08-14
Meeting,Diagnostic readout,2026-08-14
Meeting,Proposal review,2026-08-14
Note,"Statement of Work - executed 2026-08-15. Contract value $24,109. [zia-doc]",2026-08-15
Note,"Statement of Work - executed 2026-08-15. Contract value $33,670. [zia-doc]",2026-08-15
Note,"Statement of Work - executed 2026-08-15. Contract value $14,133. [zia-doc]",2026-08-15
Note,Engagement review - health 33 against a target of 70. Joint review actions agreed. [zia-doc],2026-08-15
Note,"Statement of Work - executed 2026-08-15. Contract value $22,904. [zia-doc]",2026-08-15
Note,"Statement of Work - executed 2026-08-15. Contract value $51,544. [zia-doc]",2026-08-15
Note,"Statement of Work - executed 2026-08-15. Contract value $50,879. [zia-doc]",2026-08-15
Note,Engagement review - health 41 against a target of 70. Joint review actions agreed. [zia-doc],2026-08-15
Note,"Statement of Work - executed 2026-08-15. Contract value $38,866. [zia-doc]",2026-08-15
Note,"Statement of Work - executed 2026-08-15. Contract value $13,094. [zia-doc]",2026-08-15
Note,Engagement review - health 42 against a target of 70. Joint review actions agreed. [zia-doc],2026-08-15
Note,"Statement of Work - executed 2026-08-15. Contract value $17,396. [zia-doc]",2026-08-15
Note,"Statement of Work - executed 2026-08-15. Contract value $16,627. [zia-doc]",2026-08-15
Note,Engagement review - health 43 against a target of 70. Joint review actions agreed. [zia-doc],2026-08-15
Note,"Statement of Work - executed 2026-08-15. Contract value $48,635. [zia-doc]",2026-08-15
Note,Engagement review - health 25 against a target of 70. Joint review actions agreed. [zia-doc],2026-08-15
Note,Engagement review - health 41 against a target of 70. Joint review actions agreed. [zia-doc],2026-08-15
Note,"Statement of Work - executed 2026-08-15. Contract value $20,784. [zia-doc]",2026-08-15
Note,Engagement review - health 33 against a target of 70. Joint review actions agreed. [zia-doc],2026-08-15
Note,"Statement of Work - executed 2026-08-15. Contract value $23,278. [zia-doc]",2026-08-15
Note,Engagement review - health 35 against a target of 70. Joint review actions agreed. [zia-doc],2026-08-15
Note,Closed lost — practice chose another route.,2026-08-17
Note,Closed lost — practice chose another route.,2026-08-17
Note,Closed lost — practice chose another route.,2026-08-17
Note,Lost — wanted consultants with deeper sector-specific experience.,2026-08-17
Note,Closed lost — practice chose another route.,2026-08-17
Note,Closed lost — practice chose another route.,2026-08-17
Note,"Lost — they needed integration with their existing LMS, which we do not support.",2026-08-17
Note,Closed lost — practice chose another route.,2026-08-17
Note,Agreement signed. Handing to delivery for consultant assignment and kickoff scheduling.,2026-08-17
Note,Lost — wanted consultants with deeper sector-specific experience.,2026-08-17
Note,"Lost — they needed integration with their existing LMS, which we do not support.",2026-08-17
Note,Lost on price — client went with a lower-cost training vendor.,2026-08-17
Note,Lost on price — client went with a lower-cost training vendor.,2026-08-17
Note,Closed lost — practice chose another route.,2026-08-17
Note,Closed lost — practice chose another route.,2026-08-17
Note,Closed lost — practice chose another route.,2026-08-17
Note,Closed lost — practice chose another route.,2026-08-17
Note,Closed lost — practice chose another route.,2026-08-17
Note,Lost — wanted consultants with deeper sector-specific experience.,2026-08-17
Note,Closed lost — practice chose another route.,2026-08-17
Note,Closed lost — practice chose another route.,2026-08-17
Note,Closed lost — practice chose another route.,2026-08-17
Note,Closed lost — practice chose another route.,2026-08-17
Note,Closed lost — practice chose another route.,2026-08-17
Note,Agreement signed. Handing to delivery for consultant assignment and kickoff scheduling.,2026-08-17
Note,Closed lost — practice chose another route.,2026-08-17
Note,Closed won. Cohort size and start date confirmed with the sponsor.,2026-08-17
Note,Lost — wanted consultants with deeper sector-specific experience.,2026-08-17
Note,Closed lost — practice chose another route.,2026-08-17
Note,Lost — sponsor felt the facilitator style was not the right fit for their culture.,2026-08-17
Note,Closed lost — practice chose another route.,2026-08-17
Note,Closed won. Cohort size and start date confirmed with the sponsor.,2026-08-17
Note,Closed lost — practice chose another route.,2026-08-17
Note,Closed lost — practice chose another route.,2026-08-17
Note,Closed lost — practice chose another route.,2026-08-17
Note,Closed lost — practice chose another route.,2026-08-17
Note,Closed lost — practice chose another route.,2026-08-17
Note,Closed lost — practice chose another route.,2026-08-17
Note,Closed lost — practice chose another route.,2026-08-17
Note,Closed won. Cohort size and start date confirmed with the sponsor.,2026-08-17
Note,Closed lost — practice chose another route.,2026-08-17
Note,Closed lost — practice chose another route.,2026-08-17
Note,Sent the program outline and a sample cohort schedule.,2026-08-17
Note,Closed lost — practice chose another route.,2026-08-17
Note,Closed lost — practice chose another route.,2026-08-17
Note,Closed lost — practice chose another route.,2026-08-17
Note,Agreement signed. Handing to delivery for consultant assignment and kickoff scheduling.,2026-08-17
Note,Closed lost — practice chose another route.,2026-08-17
Note,Closed lost — practice chose another route.,2026-08-17
Note,Closed lost — practice chose another route.,2026-08-17
Note,Closed lost — practice chose another route.,2026-08-17
Note,No decision — client paused all L&amp;D spend this quarter.,2026-08-17
Note,Closed lost — practice chose another route.,2026-08-17
Note,Closed lost — practice chose another route.,2026-08-17
Note,Lost on price — client went with a lower-cost training vendor.,2026-08-17
Note,"Lost — they needed integration with their existing LMS, which we do not support.",2026-08-17
Note,Closed lost — practice chose another route.,2026-08-17
Note,No decision — client paused all L&amp;D spend this quarter.,2026-08-17
Note,Agreement signed. Handing to delivery for consultant assignment and kickoff scheduling.,2026-08-17
Note,Agreement signed. Handing to delivery for consultant assignment and kickoff scheduling.,2026-08-17
Note,Closed lost — practice chose another route.,2026-08-17
Note,Closed lost — practice chose another route.,2026-08-17
Note,Closed lost — practice chose another route.,2026-08-17
Note,Closed lost — practice chose another route.,2026-08-17
Note,Lost — sponsor felt the facilitator style was not the right fit for their culture.,2026-08-17
Note,Closed lost — practice chose another route.,2026-08-17
Note,Lost — wanted consultants with deeper sector-specific experience.,2026-08-17
Note,Closed lost — practice chose another route.,2026-08-17
Note,Closed lost — practice chose another route.,2026-08-17
Note,Closed won. Cohort size and start date confirmed with the sponsor.,2026-08-17
Note,Closed lost — practice chose another route.,2026-08-17
Note,Lost — sponsor felt the facilitator style was not the right fit for their culture.,2026-08-17
Note,No decision — client paused all L&amp;D spend this quarter.,2026-08-17
Note,Closed lost — practice chose another route.,2026-08-17
Note,Closed lost — practice chose another route.,2026-08-17
Note,Closed lost — practice chose another route.,2026-08-17
Note,Closed lost — practice chose another route.,2026-08-17
Note,Lost — sponsor felt the facilitator style was not the right fit for their culture.,2026-08-17
Note,Closed lost — practice chose another route.,2026-08-17
Note,Agreement signed. Handing to delivery for consultant assignment and kickoff scheduling.,2026-08-17
Note,Agreement signed. Handing to delivery for consultant assignment and kickoff scheduling.,2026-08-17
Note,Lost — wanted consultants with deeper sector-specific experience.,2026-08-17
Note,"Lost — they needed integration with their existing LMS, which we do not support.",2026-08-17
Note,Closed won. Cohort size and start date confirmed with the sponsor.,2026-08-17
Note,Agreement signed. Handing to delivery for consultant assignment and kickoff scheduling.,2026-08-17
Note,Closed lost — practice chose another route.,2026-08-17
Note,Closed won. Cohort size and start date confirmed with the sponsor.,2026-08-17
Note,Closed lost — practice chose another route.,2026-08-17
Note,Closed lost — practice chose another route.,2026-08-17
Note,Agreement signed. Handing to delivery for consultant assignment and kickoff scheduling.,2026-08-17
Note,Closed won. Cohort size and start date confirmed with the sponsor.,2026-08-17
Note,Closed lost — practice chose another route.,2026-08-17
Note,Closed lost — practice chose another route.,2026-08-17
Note,Closed lost — practice chose another route.,2026-08-17
Note,Closed lost — practice chose another route.,2026-08-17
Note,Closed lost — practice chose another route.,2026-08-17
Note,Agreement signed. Handing to delivery for consultant assignment and kickoff scheduling.,2026-08-17
Note,Closed lost — practice chose another route.,2026-08-17
Note,Closed lost — practice chose another route.,2026-08-17
Note,Agreement signed. Handing to delivery for consultant assignment and kickoff scheduling.,2026-08-17
Note,Closed lost — practice chose another route.,2026-08-17
Note,Closed lost — practice chose another route.,2026-08-17
Note,Agreement signed. Handing to delivery for consultant assignment and kickoff scheduling.,2026-08-17
Note,Agreement signed. Handing to delivery for consultant assignment and kickoff scheduling.,2026-08-17
Note,Closed lost — practice chose another route.,2026-08-17
Note,Closed lost — practice chose another route.,2026-08-17
Note,Closed lost — practice chose another route.,2026-08-17
Call,Discovery call,2026-08-17
Call,Follow-up call,2026-08-17
Call,Discovery call,2026-08-17
Task,Book executive sponsor call,2026-08-17
Task,Book executive sponsor call,2026-08-17
Task,Book executive sponsor call,2026-08-17
Task,Book executive sponsor call,2026-08-17
Task,Book executive sponsor call,2026-08-17
Task,Send revised cohort schedule,2026-08-17
Task,Confirm measurement approach,2026-08-17
Task,Send revised cohort schedule,2026-08-17
Task,Send revised cohort schedule,2026-08-17
Task,Send revised cohort schedule,2026-08-17
Task,Confirm measurement approach,2026-08-17
Task,Chase proposal decision,2026-08-17
Task,Book executive sponsor call,2026-08-17
Task,Chase proposal decision,2026-08-17
Task,Book executive sponsor call,2026-08-17
Task,Send revised cohort schedule,2026-08-17
Task,Chase proposal decision,2026-08-17
Task,Book executive sponsor call,2026-08-17
Task,Book executive sponsor call,2026-08-17
Task,Send revised cohort schedule,2026-08-17
Task,Book executive sponsor call,2026-08-17
Task,Book executive sponsor call,2026-08-17
Task,Chase proposal decision,2026-08-17
Task,Book executive sponsor call,2026-08-17
Task,Chase proposal decision,2026-08-17
Task,Confirm measurement approach,2026-08-17
Task,Send revised cohort schedule,2026-08-17
Task,Chase proposal decision,2026-08-17
Task,Send revised cohort schedule,2026-08-17
Task,Chase proposal decision,2026-08-17
Task,Book executive sponsor call,2026-08-17
Task,Book executive sponsor call,2026-08-17
Task,Book executive sponsor call,2026-08-17
Task,Re-engage after their planning cycle,2026-08-17
Task,Book discovery call,2026-08-17
Task,Book discovery call,2026-08-17
Call,Follow-up call,2026-08-18
Meeting,Proposal review,2026-08-18
Task,Send revised cohort schedule,2026-08-18
Task,Confirm measurement approach,2026-08-18
Task,Confirm measurement approach,2026-08-18
Task,Send revised cohort schedule,2026-08-18
Task,Send revised cohort schedule,2026-08-18
Task,Book executive sponsor call,2026-08-18
Task,Confirm measurement approach,2026-08-18
Task,Confirm measurement approach,2026-08-18
Task,Book executive sponsor call,2026-08-18
Task,Re-engage after their planning cycle,2026-08-18
Task,Re-engage after their planning cycle,2026-08-18
Note,"Discovery call — walked through their org structure, span of control and where decisions stall.",2026-08-19
Call,Discovery call,2026-08-19
Meeting,Scoping session,2026-08-19
Task,Send revised cohort schedule,2026-08-19
Task,Confirm measurement approach,2026-08-19
Task,Book executive sponsor call,2026-08-19
Task,Book executive sponsor call,2026-08-19
Task,Chase proposal decision,2026-08-19
Task,Send revised cohort schedule,2026-08-19
Task,Chase proposal decision,2026-08-19
Task,Send revised cohort schedule,2026-08-20
Task,Send revised cohort schedule,2026-08-20
Task,Chase proposal decision,2026-08-20
Task,Send revised cohort schedule,2026-08-20
Task,Chase proposal decision,2026-08-20
Task,Confirm measurement approach,2026-08-20
Task,Chase proposal decision,2026-08-20
Task,Confirm measurement approach,2026-08-20
Task,Confirm measurement approach,2026-08-20
Task,Re-engage after their planning cycle,2026-08-20
Note,"Discovery — engagement survey scores dropped two quarters running; they want the root cause, not a workshop.",2026-08-21
Call,Discovery call,2026-08-21
Task,Send revised cohort schedule,2026-08-21
Task,Chase proposal decision,2026-08-21
Task,Confirm measurement approach,2026-08-21
Task,Chase proposal decision,2026-08-21
Task,Send revised cohort schedule,2026-08-21
Task,Chase proposal decision,2026-08-21
Task,Send revised cohort schedule,2026-08-21
Task,Book executive sponsor call,2026-08-21
Task,Book executive sponsor call,2026-08-21
Task,Send revised cohort schedule,2026-08-21
Task,Book executive sponsor call,2026-08-21
Task,Book executive sponsor call,2026-08-21
Task,Chase proposal decision,2026-08-21
Task,Book executive sponsor call,2026-08-21
Task,Chase proposal decision,2026-08-21
Task,Book executive sponsor call,2026-08-21
Task,Send revised cohort schedule,2026-08-21
Task,Follow up on intro email,2026-08-21
Note,Sent the program outline and a sample cohort schedule.,2026-08-24
Call,Follow-up call,2026-08-24
Call,Discovery call,2026-08-24
Call,Follow-up call,2026-08-24
Call,Follow-up call,2026-08-24
Call,Discovery call,2026-08-24
Meeting,Stakeholder alignment,2026-08-24
Task,Confirm measurement approach,2026-08-24
Task,Confirm measurement approach,2026-08-24
Task,Chase proposal decision,2026-08-24
Task,Send revised cohort schedule,2026-08-24
Task,Chase proposal decision,2026-08-24
Task,Chase proposal decision,2026-08-24
Task,Confirm measurement approach,2026-08-24
Task,Confirm measurement approach,2026-08-24
Task,Chase proposal decision,2026-08-24
Task,Chase proposal decision,2026-08-24
Task,Chase proposal decision,2026-08-24
Task,Book executive sponsor call,2026-08-24
Task,Chase proposal decision,2026-08-24
Task,Send revised cohort schedule,2026-08-24
Task,Chase proposal decision,2026-08-24
Task,Book executive sponsor call,2026-08-24
Task,Book executive sponsor call,2026-08-24
Task,Send revised cohort schedule,2026-08-24
Task,Send revised cohort schedule,2026-08-24
Task,Chase proposal decision,2026-08-24
Task,Chase proposal decision,2026-08-24
Task,Book executive sponsor call,2026-08-24
Task,Confirm measurement approach,2026-08-24
Task,Book executive sponsor call,2026-08-24
Task,Confirm measurement approach,2026-08-24
Task,Book executive sponsor call,2026-08-24
Task,Chase proposal decision,2026-08-24
Task,Chase proposal decision,2026-08-24
Task,Send revised cohort schedule,2026-08-24
Task,Book executive sponsor call,2026-08-24
Task,Confirm measurement approach,2026-08-24
Task,Send revised cohort schedule,2026-08-24
Task,Confirm measurement approach,2026-08-24
Task,Chase proposal decision,2026-08-24
Task,Book executive sponsor call,2026-08-24
Task,Send revised cohort schedule,2026-08-24
Task,Send revised cohort schedule,2026-08-24
Task,Chase proposal decision,2026-08-24
Task,Book executive sponsor call,2026-08-24
Task,Book executive sponsor call,2026-08-24
Task,Send revised cohort schedule,2026-08-24
Task,Send revised cohort schedule,2026-08-24
Task,Send revised cohort schedule,2026-08-24
Task,Follow up on intro email,2026-08-24
Task,Re-engage after their planning cycle,2026-08-24
Task,Re-engage after their planning cycle,2026-08-24
Task,Follow up on intro email,2026-08-24
Task,Follow up on intro email,2026-08-24
Task,Re-engage after their planning cycle,2026-08-24
Task,Re-engage after their planning cycle,2026-08-24
Note,"Qualification call. Confirmed the sponsor, budget owner and target cohort size.",2026-08-25
Call,Discovery call,2026-08-25
Meeting,Diagnostic readout,2026-08-25
Meeting,Proposal review,2026-08-25
Task,Book executive sponsor call,2026-08-25
Task,Book executive sponsor call,2026-08-25
Task,Confirm measurement approach,2026-08-25
Task,Send revised cohort schedule,2026-08-25
Task,Confirm measurement approach,2026-08-25
Task,Book executive sponsor call,2026-08-25
Task,Send revised cohort schedule,2026-08-25
Task,Confirm measurement approach,2026-08-25
Task,Book executive sponsor call,2026-08-25
Task,Confirm measurement approach,2026-08-25
Task,Chase proposal decision,2026-08-25
Task,Confirm measurement approach,2026-08-25
Task,Book executive sponsor call,2026-08-25
Task,Confirm measurement approach,2026-08-25
Task,Send revised cohort schedule,2026-08-25
Task,Follow up on intro email,2026-08-25
Call,Follow-up call,2026-08-26
Task,Send revised cohort schedule,2026-08-26
Task,Chase proposal decision,2026-08-26
Task,Send revised cohort schedule,2026-08-26
Task,Send revised cohort schedule,2026-08-26
Task,Confirm measurement approach,2026-08-26
Task,Book executive sponsor call,2026-08-26
Task,Confirm measurement approach,2026-08-26
Task,Chase proposal decision,2026-08-26
Task,Book executive sponsor call,2026-08-26
Task,Book executive sponsor call,2026-08-26
Task,Book executive sponsor call,2026-08-26
Task,Confirm measurement approach,2026-08-26
Task,Chase proposal decision,2026-08-26
Task,Send revised cohort schedule,2026-08-26
Task,Follow up on intro email,2026-08-26
Call,Discovery call,2026-08-27
Task,Send revised cohort schedule,2026-08-27
Task,Book executive sponsor call,2026-08-27
Task,Chase proposal decision,2026-08-27
Task,Book executive sponsor call,2026-08-27
Task,Send revised cohort schedule,2026-08-27
Task,Confirm measurement approach,2026-08-27
Task,Send revised cohort schedule,2026-08-27
Task,Send revised cohort schedule,2026-08-27
Task,Chase proposal decision,2026-08-27
Task,Confirm measurement approach,2026-08-27
Task,Chase proposal decision,2026-08-27
Task,Book executive sponsor call,2026-08-27
Task,Chase proposal decision,2026-08-27
Task,Follow up on intro email,2026-08-27
Task,Book discovery call,2026-08-27
Note,Follow-up on outstanding questions about measurement and how we report progress to their board.,2026-08-28
Task,Chase proposal decision,2026-08-28
Task,Book executive sponsor call,2026-08-28
Task,Chase proposal decision,2026-08-28
Task,Confirm measurement approach,2026-08-28
Task,Book executive sponsor call,2026-08-28
Task,Book executive sponsor call,2026-08-28
Task,Send revised cohort schedule,2026-08-28
Task,Send revised cohort schedule,2026-08-28
Task,Chase proposal decision,2026-08-28
Task,Book executive sponsor call,2026-08-28
Task,Book executive sponsor call,2026-08-28
Task,Send revised cohort schedule,2026-08-28
Task,Re-engage after their planning cycle,2026-08-28
Task,Follow up on intro email,2026-08-28
Task,Book discovery call,2026-08-28
Task,Follow up on intro email,2026-08-28
Task,Follow up on intro email,2026-08-28
Call,Follow-up call,2026-08-31
Call,Follow-up call,2026-08-31
Call,Follow-up call,2026-08-31
Call,Follow-up call,2026-08-31
Meeting,Stakeholder alignment,2026-08-31
Task,Book executive sponsor call,2026-08-31
Task,Confirm measurement approach,2026-08-31
Task,Confirm measurement approach,2026-08-31
Task,Confirm measurement approach,2026-08-31
Task,Confirm measurement approach,2026-08-31
Task,Confirm measurement approach,2026-08-31
Task,Confirm measurement approach,2026-08-31
Task,Send revised cohort schedule,2026-08-31
Task,Confirm measurement approach,2026-08-31
Task,Send revised cohort schedule,2026-08-31
Task,Send revised cohort schedule,2026-08-31
Task,Send revised cohort schedule,2026-08-31
Task,Confirm measurement approach,2026-08-31
Task,Book executive sponsor call,2026-08-31
Task,Chase proposal decision,2026-08-31
Task,Book executive sponsor call,2026-08-31
Task,Book executive sponsor call,2026-08-31
Task,Book executive sponsor call,2026-08-31
Task,Book executive sponsor call,2026-08-31
Task,Send revised cohort schedule,2026-08-31
Task,Confirm measurement approach,2026-08-31
Task,Send revised cohort schedule,2026-08-31
Task,Confirm measurement approach,2026-08-31
Task,Confirm measurement approach,2026-08-31
Task,Chase proposal decision,2026-08-31
Task,Book executive sponsor call,2026-08-31
Task,Book executive sponsor call,2026-08-31
Task,Book executive sponsor call,2026-08-31
Task,Confirm measurement approach,2026-08-31
Task,Chase proposal decision,2026-08-31
Task,Chase proposal decision,2026-08-31
Task,Book executive sponsor call,2026-08-31
Task,Send revised cohort schedule,2026-08-31
Task,Confirm measurement approach,2026-08-31
Task,Chase proposal decision,2026-08-31
Task,Chase proposal decision,2026-08-31
Task,Book executive sponsor call,2026-08-31
Task,Book executive sponsor call,2026-08-31
Task,Send revised cohort schedule,2026-08-31
Task,Book executive sponsor call,2026-08-31
Task,Book executive sponsor call,2026-08-31
Task,Confirm measurement approach,2026-08-31
Task,Chase proposal decision,2026-08-31
Task,Re-engage after their planning cycle,2026-08-31
Task,Book discovery call,2026-08-31
Task,Book discovery call,2026-08-31
Task,Follow up on intro email,2026-08-31
Task,Follow up on intro email,2026-08-31
Task,Re-engage after their planning cycle,2026-08-31
Note,Sent the program outline and a sample cohort schedule.,2026-09-01
Task,Confirm measurement approach,2026-09-01
Task,Book executive sponsor call,2026-09-01
Task,Book executive sponsor call,2026-09-01
Task,Send revised cohort schedule,2026-09-01
Task,Send revised cohort schedule,2026-09-01
Task,Send revised cohort schedule,2026-09-01
Task,Book executive sponsor call,2026-09-01
Task,Send revised cohort schedule,2026-09-01
Task,Book executive sponsor call,2026-09-01
Task,Book executive sponsor call,2026-09-01
Task,Send revised cohort schedule,2026-09-01
Task,Confirm measurement approach,2026-09-01
Task,Send revised cohort schedule,2026-09-01
Task,Chase proposal decision,2026-09-01
Task,Book executive sponsor call,2026-09-01
Call,Follow-up call,2026-09-02
Task,Send revised cohort schedule,2026-09-02
Task,Book executive sponsor call,2026-09-02
Task,Chase proposal decision,2026-09-02
Task,Confirm measurement approach,2026-09-02
Task,Confirm measurement approach,2026-09-02
Task,Send revised cohort schedule,2026-09-02
Task,Re-engage after their planning cycle,2026-09-02
Task,Book discovery call,2026-09-02
Task,Re-engage after their planning cycle,2026-09-02
Task,Send revised cohort schedule,2026-09-03
Task,Book executive sponsor call,2026-09-03
Task,Chase proposal decision,2026-09-03
Task,Chase proposal decision,2026-09-03
Task,Send revised cohort schedule,2026-09-03
Task,Confirm measurement approach,2026-09-03
Task,Confirm measurement approach,2026-09-03
Task,Send revised cohort schedule,2026-09-03
Task,Send revised cohort schedule,2026-09-03
Task,Confirm measurement approach,2026-09-03
Task,Confirm measurement approach,2026-09-03
Task,Book executive sponsor call,2026-09-03
Task,Send revised cohort schedule,2026-09-03
Task,Chase proposal decision,2026-09-03
Task,Confirm measurement approach,2026-09-03
Task,Book executive sponsor call,2026-09-03
Task,Chase proposal decision,2026-09-03
Task,Book discovery call,2026-09-03
Task,Follow up on intro email,2026-09-03
Task,Book discovery call,2026-09-03
Task,Confirm measurement approach,2026-09-04
Task,Confirm measurement approach,2026-09-04
Task,Send revised cohort schedule,2026-09-04
Task,Chase proposal decision,2026-09-04
Task,Confirm measurement approach,2026-09-04
Task,Confirm measurement approach,2026-09-04
Task,Send revised cohort schedule,2026-09-04
Task,Send revised cohort schedule,2026-09-04
Task,Confirm measurement approach,2026-09-04
Task,Chase proposal decision,2026-09-04
Task,Send revised cohort schedule,2026-09-04
Task,Chase proposal decision,2026-09-04
Note,"Emailed the proposal with cohort size, session cadence and consultant profile.",2026-09-07
Note,Shared two anonymised case studies from similar-stage organizations.,2026-09-07
Task,Send revised cohort schedule,2026-09-07
Task,Confirm measurement approach,2026-09-07
Task,Chase proposal decision,2026-09-07
Task,Book executive sponsor call,2026-09-07
Task,Send revised cohort schedule,2026-09-07
Task,Chase proposal decision,2026-09-07
Task,Chase proposal decision,2026-09-07
Task,Confirm measurement approach,2026-09-07
Task,Book executive sponsor call,2026-09-07
Task,Book executive sponsor call,2026-09-07
Task,Chase proposal decision,2026-09-07
Task,Confirm measurement approach,2026-09-07
Task,Send revised cohort schedule,2026-09-07
Task,Re-engage after their planning cycle,2026-09-07
Task,Follow up on intro email,2026-09-07
Task,Book discovery call,2026-09-07
Task,Follow up on intro email,2026-09-07
Call,Follow-up call,2026-09-08
Task,Re-engage after their planning cycle,2026-09-08
Task,Follow up on intro email,2026-09-08
Task,Re-engage after their planning cycle,2026-09-08
Task,Follow up on intro email,2026-09-08
Note,Sent the program outline and a sample cohort schedule.,2026-09-09
Call,Follow-up call,2026-09-09
Call,Follow-up call,2026-09-10
Note,"Emailed the proposal with cohort size, session cadence and consultant profile.",2026-09-11
Call,Follow-up call,2026-09-14
Task,Re-engage after their planning cycle,2026-09-14
Task,Book discovery call,2026-09-14
Task,Re-engage after their planning cycle,2026-09-14
Task,Re-engage after their planning cycle,2026-09-14
Task,Follow up on intro email,2026-09-14
Note,Shared two anonymised case studies from similar-stage organizations.,2026-09-15
Call,Follow-up call,2026-09-15
Call,Follow-up call,2026-09-17
Meeting,Stakeholder alignment,2026-09-17
Meeting,Proposal review,2026-09-17
Note,"Emailed the proposal with cohort size, session cadence and consultant profile.",2026-09-18
Note,Shared two anonymised case studies from similar-stage organizations.,2026-09-21
Meeting,Stakeholder alignment,2026-09-21
Call,Follow-up call,2026-09-22
Call,Follow-up call,2026-09-22
Call,Follow-up call,2026-09-23
Call,Follow-up call,2026-09-28
Call,Follow-up call,2026-09-28
Meeting,Proposal review,2026-09-28
Note,"Emailed the proposal with cohort size, session cadence and consultant profile.",2026-09-30
Note,Shared two anonymised case studies from similar-stage organizations.,2026-10-02
Meeting,Stakeholder alignment,2026-10-02
Call,Follow-up call,2026-10-05
Call,Follow-up call,2026-10-07
Call,Follow-up call,2026-10-12
Call,Follow-up call,2026-10-12
Note,Sent the program outline and a sample cohort schedule.,2026-10-14
Meeting,Proposal review,2026-10-14
Note,Shared two anonymised case studies from similar-stage organizations.,2026-10-22
Note,Follow-up on outstanding questions about measurement and how we report progress to their board.,2026-10-26
Call,Follow-up call,2026-10-26
Call,Follow-up call,2026-10-27
Note,"Emailed the proposal with cohort size, session cadence and consultant profile.",2026-10-29
Note,"Emailed the proposal with cohort size, session cadence and consultant profile.",2026-10-29
Call,Follow-up call,2026-11-04
Meeting,Scoping session,2026-11-04
Call,Follow-up call,2026-11-09
Note,"Emailed the proposal with cohort size, session cadence and consultant profile.",2026-11-10
Call,Follow-up call,2026-11-12
Note,Follow-up on outstanding questions about measurement and how we report progress to their board.,2026-11-18
Call,Follow-up call,2026-11-23
Call,Follow-up call,2026-11-24
